Serial,emg,label
1,1501,0
2,1569,0
3,1552,0
4,1554,0
5,1527,0
6,1571,0
7,1552,0
8,1551,0
9,1527,0
10,1559,0
11,1555,0
12,1543,0
13,1520,0
14,1562,0
15,1560,0
16,1543,0
17,1520,0
18,1545,0
19,1552,0
20,1518,0
21,1515,0
22,1521,0
23,1557,0
24,1525,0
25,1523,0
26,1535,0
27,1574,0
28,1520,0
29,1517,0
30,1546,0
31,1579,0
32,1526,0
33,1548,0
34,1534,0
35,1565,0
36,1515,0
37,1531,0
38,1520,0
39,1568,0
40,1503,0
41,1535,0
42,1514,0
43,1563,0
44,1507,0
45,1552,0
46,1519,0
47,1577,0
48,1520,0
49,1558,0
50,1543,0
51,1584,0
52,1534,0
53,1557,0
54,1506,0
55,1552,0
56,1515,0
57,1559,0
58,1515,0
59,1574,0
60,1533,0
61,1566,0
62,1515,0
63,1567,0
64,1522,0
65,1565,0
66,1511,0
67,1567,0
68,1533,0
69,1551,0
70,1509,0
71,1573,0
72,1551,0
73,1549,0
74,1486,0
75,1533,0
76,1507,0
77,1513,0
78,1472,0
79,1521,0
80,1511,0
81,1526,0
82,1488,0
83,1529,0
84,1520,0
85,1530,0
86,1511,0
87,1550,0
88,1547,0
89,1514,0
90,1479,0
91,1529,0
92,1549,0
93,1517,0
94,1519,0
95,1550,0
96,1553,0
97,1519,0
98,1498,0
99,1523,0
100,1552,0
101,1488,0
102,1495,0
103,1513,0
104,1558,0
105,1500,0
106,1515,0
107,1552,0
108,1574,0
109,1508,0
110,1521,0
111,1526,0
112,1574,0
113,1527,0
114,1545,0
115,1531,0
116,1559,0
117,1491,0
118,1535,0
119,1551,0
120,1590,0
121,1513,0
122,1552,0
123,1513,0
124,1559,0
125,1506,0
126,1535,0
127,1505,0
128,1554,0
129,1514,0
130,1546,0
131,1504,0
132,1573,0
133,1521,0
134,1565,0
135,1515,0
136,1557,0
137,1497,0
138,1524,0
139,1501,0
140,1551,0
141,1518,0
142,1545,0
143,1515,0
144,1579,0
145,1533,0
146,1552,0
147,1497,0
148,1589,0
149,1559,0
150,1544,0
151,1508,0
152,1568,0
153,1568,0
154,1571,0
155,1506,0
156,1555,0
157,1563,0
158,1554,0
159,1517,0
160,1566,1
161,1555,1
162,1637,1
163,1600,1
164,1626,1
165,1641,1
166,1685,1
167,1778,1
168,1853,1
169,1898,1
170,1806,1
171,1835,1
172,2037,1
173,2146,1
174,2008,1
175,1919,1
176,2021,1
177,2096,1
178,2229,1
179,2190,1
180,2267,1
181,2160,1
182,2291,1
183,2453,1
184,2550,1
185,2571,1
186,2568,1
187,2450,1
188,2559,1
189,2399,1
190,2681,1
191,2576,1
192,2598,1
193,2859,1
194,3147,1
195,2879,1
196,2608,1
197,2425,1
198,2306,1
199,2207,1
200,2173,1
201,2074,1
202,1968,1
203,1951,1
204,1834,1
205,1780,1
206,1775,1
207,1839,1
208,1758,1
209,1823,1
210,1767,1
211,1767,1
212,1707,1
213,1713,1
214,1701,1
215,1723,1
216,1689,1
217,1690,1
218,1631,1
219,1631,1
220,1584,1
221,1664,1
222,1641,1
223,1643,1
224,1589,1
225,1613,1
226,1614,1
227,1601,1
228,1565,1
229,1600,1
230,1593,0
231,1575,0
232,1552,0
233,1584,0
234,1591,0
235,1552,0
236,1557,0
237,1567,0
238,1547,0
239,1541,0
240,1552,1
241,1590,1
242,1621,1
243,1648,1
244,1632,1
245,1649,1
246,1770,1
247,1892,1
248,1939,1
249,2107,1
250,2123,1
251,2034,1
252,1963,1
253,2009,1
254,1985,1
255,2019,1
256,2041,1
257,2119,1
258,2243,1
259,2253,1
260,2343,1
261,2287,1
262,2334,1
263,2324,1
264,2244,1
265,2253,1
266,2240,1
267,2227,1
268,2262,1
269,2174,1
270,2295,1
271,2815,1
272,2851,1
273,3055,1
274,2903,1
275,2851,1
276,2786,1
277,2702,1
278,2521,1
279,2305,1
280,2265,1
281,2116,1
282,2085,1
283,2035,1
284,1962,1
285,1897,1
286,1887,1
287,1806,1
288,1828,1
289,1794,1
290,1794,1
291,1776,1
292,1771,1
293,1695,1
294,1712,1
295,1651,1
296,1677,1
297,1694,1
298,1695,1
299,1601,1
300,1616,1
301,1643,1
302,1648,1
303,1577,1
304,1622,1
305,1596,1
306,1605,1
307,1663,1
308,1627,1
309,1593,1
310,1618,1
311,1601,0
312,1578,0
313,1552,0
314,1590,0
315,1645,0
316,1609,0
317,1610,0
318,1589,0
319,1611,0
320,1575,0
321,1593,0
322,1616,0
323,1643,0
324,1587,0
325,1567,0
326,1567,0
327,1605,0
328,1548,0
329,1602,1
330,1597,1
331,1614,1
332,1551,1
333,1520,1
334,1519,1
335,1683,1
336,1645,1
337,1634,1
338,1614,1
339,1645,1
340,1627,1
341,1642,1
342,1611,1
343,1647,1
344,1641,1
345,1765,1
346,1799,1
347,1919,1
348,1937,1
349,1918,1
350,1904,1
351,1943,1
352,2026,1
353,2087,1
354,1965,1
355,1955,1
356,2097,1
357,2230,1
358,2466,1
359,3225,1
360,3169,1
361,3041,1
362,3087,1
363,3372,1
364,3213,1
365,3277,1
366,3138,1
367,3170,1
368,2915,1
369,2843,1
370,2726,1
371,2737,1
372,2449,1
373,2365,1
374,2163,1
375,2158,1
376,2042,1
377,2032,1
378,1920,1
379,1999,1
380,1962,1
381,1851,1
382,1797,1
383,1914,1
384,1872,1
385,1842,1
386,1855,1
387,1743,1
388,1754,1
389,1715,1
390,1755,1
391,1823,1
392,1767,1
393,1692,1
394,1631,1
395,1658,1
396,1627,1
397,1664,1
398,1633,1
399,1607,1
400,1682,0
401,1629,0
402,1654,0
403,1630,0
404,1660,0
405,1591,0
406,1590,0
407,1622,0
408,1629,0
409,1569,0
410,1584,0
411,1575,0
412,1619,0
413,1535,0
414,1557,0
415,1551,0
416,1597,0
417,1519,0
418,1533,0
419,1521,0
420,1552,0
421,1489,0
422,1532,0
423,1509,0
424,1535,0
425,1489,0
426,1535,0
427,1499,0
428,1535,0
429,1472,0
430,1510,0
431,1470,0
432,1518,0
433,1482,0
434,1517,0
435,1476,0
436,1531,0
437,1505,0
438,1550,0
439,1488,0
440,1614,0
441,1564,0
442,1598,0
443,1562,0
444,1658,0
445,1651,0
446,1727,0
447,1703,0
448,1711,0
449,1616,0
450,1609,0
451,1605,0
452,1787,0
453,1872,0
454,1970,0
455,1973,0
456,1922,0
457,2112,0
458,2108,0
459,2091,0
460,2022,0
461,2015,0
462,2111,0
463,2113,0
464,2309,0
465,2324,0
466,2430,0
467,2212,0
468,2320,0
469,2212,0
470,2131,0
471,2027,0
472,1965,0
473,1939,0
474,1881,0
475,1911,0
476,1883,0
477,1891,0
478,1813,0
479,1744,0
480,1791,0
481,1843,0
482,1767,0
483,1767,0
484,1776,0
485,1777,0
486,1709,0
487,1719,0
488,1678,0
489,1681,0
490,1602,0
491,1587,0
492,1557,0
493,1625,0
494,1595,0
495,1658,0
496,1664,0
497,1694,0
498,1637,0
499,1713,0
500,1651,0
501,1611,0
502,1589,0
503,1634,0
504,1584,0
505,1609,0
506,1571,0
507,1617,0
508,1594,0
509,1621,0
510,1585,0
511,1611,0
512,1546,0
513,1614,0
514,1570,0
515,1598,0
516,1568,0
517,1585,0
518,1530,0
519,1558,0
520,1503,0
521,1543,0
522,1534,0
523,1522,0
524,1486,0
525,1535,0
526,1519,0
527,1557,0
528,1501,0
529,1597,0
530,1611,1
531,1622,1
532,1603,1
533,1634,1
534,1582,1
535,1534,1
536,1510,1
537,1597,1
538,1591,1
539,1645,1
540,1707,1
541,1700,1
542,1785,1
543,1681,1
544,1684,1
545,1682,1
546,1664,1
547,1682,1
548,1739,1
549,1845,1
550,1822,1
551,1957,1
552,1953,1
553,1979,1
554,1968,1
555,1920,1
556,2143,1
557,2241,1
558,2293,1
559,2302,1
560,2287,1
561,2257,1
562,2406,1
563,2441,1
564,2497,1
565,2489,1
566,2766,1
567,2737,1
568,2810,1
569,2800,1
570,2803,1
571,2640,1
572,2671,1
573,2475,1
574,2743,1
575,2623,1
576,2558,1
577,2380,1
578,2279,1
579,2134,1
580,2025,1
581,1915,1
582,1884,1
583,1776,1
584,1787,1
585,1712,1
586,1712,1
587,1647,1
588,1685,1
589,1667,1
590,1709,1
591,1725,1
592,1716,1
593,1703,1
594,1726,1
595,1683,1
596,1659,1
597,1643,1
598,1698,1
599,1680,1
600,1658,1
601,1658,0
602,1679,0
603,1696,0
604,1686,0
605,1631,0
606,1707,0
607,1665,0
608,1640,0
609,1633,0
610,1642,0
611,1666,0
612,1616,0
613,1585,0
614,1593,0
615,1615,0
616,1594,0
617,1600,0
618,1554,0
619,1578,0
620,1515,0
621,1523,0
622,1513,0
623,1535,0
624,1500,0
625,1499,0
626,1515,0
627,1566,0
628,1488,0
629,1510,0
630,1498,0
631,1531,0
632,1479,0
633,1506,0
634,1497,0
635,1522,0
636,1472,0
637,1521,0
638,1489,0
639,1543,0
640,1485,0
641,1502,0
642,1504,0
643,1521,0
644,1479,0
645,1535,1
646,1583,1
647,1626,1
648,1622,1
649,1616,1
650,1584,1
651,1650,1
652,1579,1
653,1581,1
654,1548,1
655,1600,1
656,1505,1
657,1616,1
658,1616,1
659,1712,1
660,1744,1
661,1815,1
662,1723,1
663,1724,1
664,1665,1
665,1680,1
666,1664,1
667,1744,1
668,1706,1
669,1706,1
670,1712,1
671,1763,1
672,1840,1
673,1781,1
674,1811,1
675,1815,1
676,1957,1
677,2161,1
678,2112,1
679,2545,1
680,2531,1
681,2496,1
682,2398,1
683,2349,1
684,2451,1
685,2347,1
686,2224,1
687,2327,1
688,2415,1
689,2335,1
690,2171,1
691,2154,1
692,2160,1
693,2023,1
694,1940,1
695,1854,1
696,1888,1
697,1835,1
698,1812,1
699,1840,1
700,1825,1
701,1711,1
702,1734,1
703,1703,1
704,1702,1
705,1674,1
706,1734,1
707,1725,1
708,1717,1
709,1651,1
710,1659,1
711,1606,1
712,1630,1
713,1607,1
714,1648,1
715,1609,1
716,1635,0
717,1582,0
718,1648,0
719,1585,0
720,1635,0
721,1579,0
722,1600,0
723,1550,0
724,1607,0
725,1552,0
726,1565,0
727,1510,0
728,1565,0
729,1535,0
730,1564,0
731,1520,0
732,1588,0
733,1535,0
734,1557,0
735,1515,0
736,1562,0
737,1504,0
738,1507,0
739,1446,0
740,1505,0
741,1503,0
742,1526,0
743,1494,0
744,1578,0
745,1534,0
746,1535,0
747,1482,0
748,1482,0
749,1477,0
750,1514,0
751,1553,0
752,1584,0
753,1627,0
754,1602,0
755,1646,0
756,1616,0
757,1741,0
758,1722,0
759,1714,0
760,1790,0
761,1680,0
762,1751,0
763,1738,0
764,1722,0
765,1685,0
766,1788,0
767,1947,0
768,1999,0
769,1895,0
770,1901,0
771,1893,0
772,2096,0
773,2034,0
774,1983,0
775,2071,0
776,2079,0
777,2303,0
778,2190,0
779,2326,0
780,2224,0
781,2358,0
782,2246,0
783,2181,0
784,2105,0
785,2003,0
786,1893,0
787,1854,0
788,1742,0
789,1787,0
790,1691,0
791,1675,0
792,1598,0
793,1671,0
794,1633,0
795,1638,0
796,1614,0
797,1663,0
798,1648,0
799,1682,0
800,1657,0
801,1743,0
802,1680,0
803,1617,0
804,1582,0
805,1651,0
806,1602,0
807,1631,0
808,1582,0
809,1621,0
810,1609,0
811,1609,0
812,1552,0
813,1597,0
814,1569,0
815,1568,0
816,1568,0
817,1598,0
818,1582,0
819,1567,0
820,1550,0
821,1583,0
822,1581,0
823,1570,0
824,1533,0
825,1577,0
826,1566,0
827,1555,0
828,1522,0
829,1601,0
830,1600,0
831,1553,0
832,1507,0
833,1535,0
834,1560,0
835,1523,0
836,1507,0
837,1513,0
838,1527,0
839,1497,0
840,1500,0
841,1503,0
842,1542,0
843,1492,0
844,1531,0
845,1526,0
846,1581,0
847,1520,0
848,1535,0
849,1509,0
850,1571,0
851,1533,0
852,1554,0
853,1584,0
854,1616,0
855,1585,0
856,1631,0
857,1712,0
858,1721,0
859,1683,0
860,1734,0
861,1662,0
862,1647,0
863,1584,0
864,1735,0
865,1869,0
866,1898,0
867,1789,0
868,1794,0
869,1831,0
870,1856,0
871,1804,0
872,1781,0
873,1681,0
874,1711,0
875,1655,0
876,1699,0
877,1650,0
878,1789,0
879,1805,0
880,1919,0
881,1819,0
882,1903,0
883,1803,0
884,1957,0
885,1828,0
886,1927,0
887,2004,0
888,2011,0
889,1911,0
890,1969,0
891,1873,0
892,1807,0
893,1798,0
894,1955,0
895,1840,0
896,1893,0
897,1895,0
898,1861,0
899,1887,0
900,1860,0
901,1818,0
902,1856,0
903,1909,0
904,1987,0
905,1929,0
906,1904,0
907,1883,0
908,1776,0
909,1750,0
910,1687,0
911,1651,0
912,1603,0
913,1586,0
914,1581,0
915,1601,0
916,1578,0
917,1621,0
918,1610,0
919,1616,0
920,1555,0
921,1599,0
922,1565,0
923,1554,0
924,1531,0
925,1569,0
926,1555,0
927,1648,0
928,1584,0
929,1625,0
930,1605,0
931,1687,0
932,1622,0
933,1631,0
934,1613,0
935,1643,0
936,1604,0
937,1655,0
938,1674,0
939,1697,0
940,1639,0
941,1643,0
942,1584,0
943,1627,0
944,1567,0
945,1607,0
946,1556,0
947,1584,0
948,1547,0
949,1555,0
950,1493,0
951,1558,0
952,1518,0
953,1535,0
954,1479,0
955,1525,0
956,1502,0
957,1524,0
958,1493,0
959,1535,0
960,1494,0
961,1511,0
962,1471,0
963,1521,0
964,1519,0
965,1520,0
966,1515,0
967,1566,0
968,1519,0
969,1518,0
970,1517,0
971,1561,0
972,1569,0
973,1566,0
974,1545,0
975,1579,0
976,1571,0
977,1553,0
978,1552,0
979,1571,1
980,1587,1
981,1583,1
982,1701,1
983,1762,1
984,1777,1
985,1670,1
986,1669,1
987,1655,1
988,1703,1
989,1737,1
990,1677,1
991,1707,1
992,1712,1
993,1687,1
994,1774,1
995,1783,1
996,1837,1
997,1891,1
998,1872,1
999,1851,1
1000,1941,1
1001,1921,1
1002,2013,1
1003,1951,1
1004,2059,1
1005,1991,1
1006,2128,1
1007,2032,1
1008,2207,1
1009,2285,1
1010,2381,1
1011,2433,1
1012,2366,1
1013,2638,1
1014,2451,1
1015,2222,1
1016,2333,1
1017,2254,1
1018,2272,1
1019,2117,1
1020,2111,1
1021,1957,1
1022,1900,1
1023,1787,1
1024,1763,1
1025,1664,1
1026,1693,1
1027,1646,1
1028,1707,1
1029,1684,1
1030,1691,1
1031,1678,1
1032,1673,1
1033,1650,1
1034,1648,1
1035,1597,1
1036,1691,1
1037,1648,1
1038,1665,1
1039,1679,1
1040,1687,1
1041,1668,1
1042,1609,1
1043,1618,1
1044,1676,1
1045,1712,1
1046,1645,1
1047,1616,1
1048,1615,1
1049,1614,1
1050,1585,0
1051,1594,0
1052,1597,0
1053,1613,0
1054,1559,0
1055,1559,0
1056,1552,0
1057,1554,0
1058,1498,0
1059,1520,0
1060,1520,0
1061,1553,0
1062,1488,0
1063,1494,0
1064,1510,0
1065,1547,0
1066,1486,0
1067,1519,0
1068,1503,0
1069,1535,0
1070,1488,0
1071,1547,0
1072,1549,0
1073,1578,0
1074,1518,0
1075,1551,0
1076,1482,0
1077,1535,0
1078,1484,0
1079,1551,0
1080,1475,0
1081,1514,0
1082,1507,0
1083,1571,0
1084,1546,0
1085,1559,0
1086,1553,0
1087,1518,0
1088,1472,0
1089,1514,1
1090,1503,1
1091,1586,1
1092,1663,1
1093,1715,1
1094,1742,1
1095,1697,1
1096,1648,1
1097,1674,1
1098,1739,1
1099,1808,1
1100,1823,1
1101,1915,1
1102,1840,1
1103,1950,1
1104,1949,1
1105,1971,1
1106,1953,1
1107,1974,1
1108,1862,1
1109,1872,1
1110,1951,1
1111,2088,1
1112,2171,1
1113,2239,1
1114,2354,1
1115,2301,1
1116,2164,1
1117,2352,1
1118,2667,1
1119,2529,1
1120,2536,1
1121,2725,1
1122,2979,1
1123,2847,1
1124,2547,1
1125,2352,1
1126,2346,1
1127,2194,1
1128,2081,1
1129,1951,1
1130,1888,1
1131,1775,1
1132,1770,1
1133,1709,1
1134,1769,1
1135,1712,1
1136,1755,1
1137,1665,1
1138,1666,1
1139,1617,1
1140,1611,1
1141,1626,1
1142,1664,1
1143,1598,1
1144,1635,1
1145,1569,1
1146,1667,1
1147,1628,1
1148,1651,1
1149,1594,1
1150,1619,1
1151,1554,1
1152,1576,1
1153,1515,1
1154,1559,1
1155,1535,1
1156,1562,1
1157,1526,1
1158,1600,1
1159,1535,1
1160,1554,0
1161,1506,0
1162,1572,0
1163,1565,0
1164,1567,0
1165,1493,0
1166,1552,0
1167,1530,0
1168,1561,0
1169,1520,0
1170,1546,0
1171,1533,0
1172,1584,0
1173,1571,0
1174,1682,0
1175,1639,0
1176,1671,0
1177,1663,0
1178,1741,0
1179,1709,0
1180,1648,0
1181,1606,0
1182,1616,0
1183,1596,0
1184,1654,1
1185,1669,1
1186,1810,1
1187,1888,1
1188,1771,1
1189,1718,1
1190,1782,1
1191,1776,1
1192,1821,1
1193,1798,1
1194,1796,1
1195,1743,1
1196,1691,1
1197,1703,1
1198,1935,1
1199,2122,1
1200,1985,1
1201,1904,1
1202,2181,1
1203,2129,1
1204,2117,1
1205,2127,1
1206,1938,1
1207,1845,1
1208,2014,1
1209,2098,1
1210,2191,1
1211,2261,1
1212,2546,1
1213,2483,1
1214,2555,1
1215,2329,1
1216,2491,1
1217,2418,1
1218,2494,1
1219,2673,1
1220,2503,1
1221,2342,1
1222,2402,1
1223,2286,1
1224,2094,1
1225,2007,1
1226,1877,1
1227,1949,1
1228,1817,1
1229,1808,1
1230,1682,1
1231,1675,1
1232,1639,1
1233,1683,1
1234,1621,1
1235,1647,1
1236,1612,1
1237,1655,1
1238,1604,1
1239,1637,1
1240,1610,1
1241,1627,1
1242,1621,1
1243,1649,1
1244,1647,1
1245,1685,1
1246,1623,1
1247,1651,1
1248,1595,1
1249,1566,1
1250,1550,1
1251,1584,1
1252,1568,1
1253,1573,1
1254,1563,1
1255,1584,0
1256,1582,0
1257,1558,0
1258,1532,0
1259,1567,0
1260,1587,0
1261,1559,0
1262,1575,0
1263,1627,0
1264,1631,0
1265,1593,0
1266,1578,0
1267,1567,0
1268,1570,0
1269,1521,0
1270,1520,0
1271,1525,0
1272,1580,0
1273,1513,0
1274,1521,0
1275,1548,0
1276,1588,0
1277,1520,0
1278,1547,0
1279,1530,0
1280,1567,0
1281,1493,0
1282,1502,0
1283,1503,0
1284,1527,0
1285,1459,0
1286,1460,0
1287,1495,0
1288,1657,0
1289,1653,0
1290,1770,0
1291,1717,0
1292,1711,0
1293,1646,0
1294,1632,0
1295,1573,0
1296,1697,0
1297,1785,0
1298,1889,0
1299,1807,0
1300,1913,0
1301,1911,0
1302,2015,0
1303,1917,0
1304,1776,0
1305,1863,0
1306,1904,0
1307,1856,0
1308,1925,0
1309,1906,0
1310,1904,0
1311,2034,0
1312,2047,0
1313,2021,0
1314,2101,0
1315,2099,0
1316,2082,0
1317,2046,0
1318,2027,0
1319,2088,0
1320,2153,0
1321,2080,0
1322,2018,0
1323,1999,0
1324,2003,0
1325,1953,0
1326,2164,0
1327,2113,0
1328,2123,0
1329,2149,0
1330,2069,0
1331,1921,0
1332,2002,0
1333,2112,0
1334,1979,0
1335,1917,0
1336,1776,0
1337,1757,0
1338,1798,0
1339,1759,0
1340,1729,0
1341,1733,0
1342,1611,0
1343,1603,0
1344,1595,0
1345,1678,0
1346,1634,0
1347,1570,0
1348,1627,0
1349,1648,0
1350,1589,0
1351,1601,0
1352,1565,0
1353,1628,0
1354,1553,0
1355,1575,0
1356,1551,0
1357,1584,0
1358,1552,0
1359,1614,0
1360,1578,0
1361,1622,0
1362,1602,0
1363,1643,0
1364,1619,0
1365,1637,0
1366,1597,0
1367,1641,0
1368,1585,0
1369,1607,0
1370,1557,0
1371,1599,0
1372,1552,0
1373,1579,0
1374,1527,0
1375,1563,0
1376,1519,0
1377,1572,0
1378,1535,0
1379,1552,0
1380,1507,0
1381,1555,0
1382,1513,0
1383,1513,0
1384,1497,0
1385,1552,0
1386,1507,0
1387,1518,0
1388,1534,0
1389,1557,0
1390,1503,0
1391,1521,0
1392,1516,0
1393,1518,0
1394,1550,0
1395,1503,0
1396,1471,0
1397,1510,0
1398,1499,0
1399,1503,0
1400,1458,0
1401,1515,0
1402,1518,0
1403,1572,0
1404,1633,0
1405,1647,0
1406,1661,0
1407,1685,0
1408,1761,0
1409,1647,0
1410,1680,0
1411,1637,0
1412,1680,0
1413,1712,0
1414,1725,0
1415,1664,0
1416,1650,0
1417,1680,0
1418,1893,0
1419,1828,0
1420,1888,0
1421,1973,0
1422,1985,0
1423,1942,0
1424,2039,0
1425,1995,0
1426,1936,0
1427,1925,0
1428,1904,0
1429,1901,0
1430,1867,0
1431,1871,0
1432,1866,0
1433,1890,0
1434,1838,0
1435,1824,0
1436,1911,0
1437,1903,0
1438,1968,0
1439,1939,0
1440,1962,0
1441,1833,0
1442,1840,0
1443,1758,0
1444,1766,0
1445,1691,0
1446,1721,0
1447,1702,0
1448,1712,0
1449,1633,0
1450,1683,0
1451,1664,0
1452,1734,0
1453,1665,0
1454,1702,0
1455,1692,0
1456,1740,0
1457,1680,0
1458,1680,0
1459,1639,0
1460,1681,0
1461,1634,0
1462,1611,0
1463,1581,0
1464,1554,0
1465,1565,0
1466,1607,0
1467,1575,0
1468,1571,0
1469,1527,0
1470,1581,0
1471,1572,0
1472,1552,0
1473,1526,0
1474,1594,0
1475,1593,0
1476,1585,0
1477,1559,0
1478,1561,0
1479,1570,0
1480,1511,0
1481,1494,0
1482,1535,0
1483,1571,0
1484,1516,0
1485,1550,0
1486,1530,0
1487,1559,0
1488,1535,0
1489,1535,0
1490,1499,0
1491,1503,0
1492,1499,0
1493,1584,0
1494,1552,0
1495,1644,0
1496,1604,0
1497,1591,0
1498,1640,0
1499,1712,0
1500,1593,1
1501,1616,1
1502,1669,1
1503,1655,1
1504,1693,1
1505,1725,1
1506,1646,1
1507,1670,1
1508,1841,1
1509,1858,1
1510,1812,1
1511,1918,1
1512,1871,1
1513,1850,1
1514,1927,1
1515,1971,1
1516,1882,1
1517,1971,1
1518,2014,1
1519,1908,1
1520,1785,1
1521,1915,1
1522,2063,1
1523,2099,1
1524,2195,1
1525,2225,1
1526,2206,1
1527,2187,1
1528,2218,1
1529,2213,1
1530,2324,1
1531,2384,1
1532,2495,1
1533,2402,1
1534,2299,1
1535,2295,1
1536,2310,1
1537,2169,1
1538,1957,1
1539,1881,1
1540,1883,1
1541,1898,1
1542,1948,1
1543,1955,1
1544,2026,1
1545,1965,1
1546,1870,1
1547,1830,1
1548,1795,1
1549,1787,1
1550,1745,1
1551,1737,1
1552,1750,1
1553,1680,1
1554,1709,1
1555,1678,1
1556,1711,1
1557,1634,1
1558,1683,1
1559,1648,1
1560,1642,1
1561,1585,1
1562,1649,1
1563,1641,1
1564,1685,1
1565,1584,1
1566,1551,1
1567,1549,1
1568,1602,1
1569,1522,1
1570,1585,1
1571,1578,0
1572,1622,0
1573,1554,0
1574,1583,0
1575,1526,0
1576,1595,0
1577,1510,0
1578,1534,0
1579,1499,0
1580,1581,0
1581,1510,0
1582,1534,0
1583,1503,0
1584,1554,0
1585,1514,0
1586,1520,0
1587,1478,0
1588,1559,0
1589,1578,0
1590,1622,0
1591,1584,0
1592,1630,0
1593,1616,0
1594,1614,0
1595,1551,0
1596,1614,0
1597,1609,0
1598,1590,0
1599,1532,0
1600,1569,0
1601,1552,0
1602,1550,0
1603,1515,0
1604,1567,0
1605,1535,0
1606,1552,0
1607,1523,0
1608,1552,0
1609,1566,0
1610,1523,0
1611,1498,0
1612,1533,0
1613,1552,0
1614,1535,0
1615,1531,1
1616,1513,1
1617,1557,1
1618,1535,1
1619,1639,1
1620,1637,1
1621,1645,1
1622,1738,1
1623,1647,1
1624,1520,1
1625,1535,1
1626,1568,1
1627,1653,1
1628,1671,1
1629,1647,1
1630,1599,1
1631,1634,1
1632,1658,1
1633,1808,1
1634,1726,1
1635,1725,1
1636,1744,1
1637,1827,1
1638,1863,1
1639,1913,1
1640,1874,1
1641,2080,1
1642,1984,1
1643,1936,1
1644,1884,1
1645,2254,1
1646,2243,1
1647,2402,1
1648,2549,1
1649,2796,1
1650,2667,1
1651,2703,1
1652,2559,1
1653,2512,1
1654,2319,1
1655,2245,1
1656,2140,1
1657,2053,1
1658,1966,1
1659,1922,1
1660,1827,1
1661,1825,1
1662,1756,1
1663,1758,1
1664,1680,1
1665,1759,1
1666,1741,1
1667,1739,1
1668,1765,1
1669,1771,1
1670,1851,1
1671,1813,1
1672,1744,1
1673,1809,1
1674,1727,1
1675,1670,1
1676,1622,1
1677,1619,1
1678,1627,1
1679,1591,1
1680,1578,1
1681,1635,1
1682,1646,1
1683,1631,1
1684,1616,1
1685,1631,1
1686,1648,0
1687,1607,0
1688,1600,0
1689,1608,0
1690,1649,0
1691,1601,0
1692,1592,0
1693,1584,0
1694,1605,0
1695,1546,0
1696,1569,0
1697,1554,0
1698,1563,0
1699,1502,0
1700,1569,0
1701,1535,0
1702,1579,0
1703,1485,0
1704,1555,0
1705,1593,0
1706,1725,0
1707,1648,0
1708,1670,0
1709,1648,0
1710,1714,0
1711,1649,0
1712,1792,0
1713,1783,0
1714,1828,0
1715,1783,0
1716,1717,0
1717,1662,0
1718,1728,0
1719,1693,0
1720,1809,0
1721,1833,0
1722,1903,0
1723,1850,0
1724,1824,0
1725,1793,0
1726,2023,0
1727,2001,0
1728,1984,0
1729,1999,0
1730,2027,0
1731,1968,0
1732,2058,0
1733,2032,0
1734,2064,0
1735,2103,0
1736,1969,0
1737,1931,0
1738,2107,0
1739,2092,0
1740,2023,0
1741,1929,0
1742,1989,0
1743,1989,0
1744,1932,0
1745,1878,0
1746,1850,0
1747,1808,0
1748,1758,0
1749,1676,0
1750,1663,0
1751,1776,0
1752,1698,0
1753,1677,0
1754,1671,0
1755,1657,0
1756,1699,0
1757,1670,0
1758,1727,0
1759,1723,0
1760,1722,0
1761,1745,0
1762,1715,0
1763,1727,0
1764,1651,0
1765,1658,0
1766,1652,0
1767,1679,0
1768,1632,0
1769,1613,0
1770,1613,0
1771,1632,0
1772,1591,0
1773,1589,0
1774,1568,0
1775,1598,0
1776,1549,0
1777,1587,0
1778,1568,0
1779,1584,0
1780,1521,0
1781,1564,0
1782,1545,0
1783,1585,0
1784,1522,0
1785,1552,0
1786,1488,0
1787,1535,0
1788,1466,0
1789,1482,0
1790,1437,1
1791,1514,1
1792,1443,1
1793,1504,1
1794,1489,1
1795,1687,1
1796,1662,1
1797,1792,1
1798,1679,1
1799,1703,1
1800,1791,1
1801,1949,1
1802,1911,1
1803,1821,1
1804,1795,1
1805,1762,1
1806,1712,1
1807,1766,1
1808,1808,1
1809,1920,1
1810,2009,1
1811,2027,1
1812,1999,1
1813,2096,1
1814,2032,1
1815,1934,1
1816,1907,1
1817,1904,1
1818,2003,1
1819,1873,1
1820,2031,1
1821,1974,1
1822,2003,1
1823,2027,1
1824,2159,1
1825,2288,1
1826,2373,1
1827,2262,1
1828,2223,1
1829,2149,1
1830,2137,1
1831,2026,1
1832,1964,1
1833,1845,1
1834,1807,1
1835,1823,1
1836,1775,1
1837,1697,1
1838,1688,1
1839,1659,1
1840,1663,1
1841,1650,1
1842,1680,1
1843,1731,1
1844,1708,1
1845,1652,1
1846,1680,1
1847,1687,1
1848,1744,1
1849,1641,1
1850,1664,1
1851,1609,1
1852,1652,1
1853,1648,1
1854,1659,1
1855,1678,1
1856,1715,1
1857,1649,1
1858,1666,1
1859,1632,1
1860,1653,1
1861,1619,0
1862,1648,0
1863,1582,0
1864,1619,0
1865,1574,0
1866,1581,0
1867,1519,0
1868,1558,0
1869,1520,0
1870,1532,0
1871,1482,0
1872,1519,0
1873,1479,0
1874,1524,0
1875,1482,0
1876,1549,0
1877,1514,0
1878,1531,0
1879,1494,0
1880,1570,0
1881,1615,0
1882,1606,0
1883,1527,0
1884,1599,0
1885,1566,0
1886,1558,0
1887,1551,0
1888,1566,0
1889,1599,0
1890,1598,0
1891,1584,0
1892,1626,0
1893,1621,0
1894,1607,0
1895,1579,0
1896,1584,0
1897,1553,0
1898,1584,0
1899,1632,0
1900,1638,0
1901,1498,0
1902,1488,0
1903,1483,0
1904,1488,0
1905,1479,0
1906,1535,0
1907,1497,0
1908,1507,0
1909,1461,0
1910,1579,0
1911,1573,0
1912,1625,0
1913,1680,0
1914,1685,0
1915,1603,0
1916,1653,0
1917,1633,0
1918,1718,0
1919,1774,0
1920,1799,0
1921,1725,0
1922,1703,0
1923,1737,0
1924,1655,0
1925,1706,0
1926,1661,0
1927,1708,0
1928,1706,0
1929,1761,0
1930,1776,0
1931,1693,0
1932,1654,0
1933,1662,0
1934,1753,0
1935,1717,0
1936,1718,0
1937,1678,0
1938,1917,0
1939,1849,0
1940,1745,0
1941,1733,0
1942,1794,0
1943,1904,0
1944,1862,0
1945,1894,0
1946,1872,0
1947,1858,0
1948,1707,0
1949,1689,0
1950,1659,0
1951,1735,0
1952,1680,0
1953,1745,0
1954,1650,0
1955,1648,0
1956,1612,0
1957,1649,0
1958,1623,0
1959,1658,0
1960,1617,0
1961,1726,0
1962,1633,0
1963,1705,0
1964,1616,0
1965,1665,0
1966,1616,0
1967,1626,0
1968,1591,0
1969,1614,0
1970,1573,0
1971,1563,0
1972,1501,0
1973,1521,0
1974,1488,0
1975,1566,0
1976,1523,0
1977,1523,0
1978,1505,0
1979,1535,0
1980,1505,0
1981,1531,0
1982,1494,0
1983,1549,0
1984,1499,0
1985,1510,0
1986,1471,0
1987,1551,0
1988,1520,0
1989,1545,0
1990,1501,0
1991,1548,0
1992,1514,0
1993,1523,0
1994,1489,0
1995,1551,1
1996,1549,1
1997,1526,1
1998,1534,1
1999,1615,1
2000,1559,1
2001,1533,1
2002,1527,1
2003,1590,1
2004,1598,1
2005,1565,1
2006,1598,1
2007,1606,1
2008,1611,1
2009,1600,1
2010,1630,1
2011,1621,1
2012,1673,1
2013,1684,1
2014,1719,1
2015,1739,1
2016,1827,1
2017,1876,1
2018,1985,1
2019,1904,1
2020,1934,1
2021,1904,1
2022,1955,1
2023,1926,1
2024,1966,1
2025,1839,1
2026,1921,1
2027,1922,1
2028,1927,1
2029,1997,1
2030,2135,1
2031,2011,1
2032,2064,1
2033,1906,1
2034,1919,1
2035,1893,1
2036,1888,1
2037,1835,1
2038,1806,1
2039,1798,1
2040,1784,1
2041,1781,1
2042,1785,1
2043,1703,1
2044,1646,1
2045,1629,1
2046,1621,1
2047,1632,1
2048,1662,1
2049,1647,1
2050,1648,1
2051,1645,1
2052,1663,1
2053,1597,1
2054,1562,1
2055,1494,1
2056,1553,1
2057,1552,1
2058,1551,1
2059,1499,1
2060,1561,1
2061,1552,1
2062,1520,1
2063,1514,1
2064,1519,1
2065,1566,1
2066,1550,0
2067,1516,0
2068,1567,0
2069,1527,0
2070,1520,0
2071,1509,0
2072,1534,0
2073,1535,0
2074,1525,0
2075,1499,0
2076,1515,0
2077,1513,0
2078,1507,0
2079,1475,0
2080,1543,0
2081,1584,0
2082,1533,0
2083,1521,0
2084,1557,0
2085,1649,0
2086,1647,0
2087,1681,0
2088,1682,0
2089,1680,0
2090,1677,0
2091,1678,0
2092,1642,0
2093,1767,0
2094,1648,0
2095,1655,0
2096,1680,0
2097,1755,0
2098,1759,0
2099,1715,0
2100,1621,0
2101,1581,0
2102,1525,0
2103,1569,0
2104,1574,0
2105,1575,0
2106,1505,0
2107,1613,0
2108,1634,0
2109,1762,0
2110,1790,0
2111,1750,0
2112,1717,0
2113,1735,0
2114,1762,0
2115,1834,0
2116,1830,0
2117,1842,0
2118,1891,0
2119,1765,0
2120,1737,0
2121,1673,0
2122,1687,0
2123,1651,0
2124,1626,0
2125,1597,0
2126,1596,0
2127,1653,0
2128,1722,0
2129,1648,0
2130,1605,0
2131,1667,0
2132,1664,0
2133,1561,0
2134,1574,0
2135,1620,0
2136,1647,0
2137,1648,0
2138,1591,0
2139,1579,0
2140,1616,0
2141,1578,0
2142,1593,0
2143,1561,0
2144,1602,0
2145,1584,0
2146,1616,0
2147,1593,0
2148,1603,0
2149,1525,0
2150,1584,0
2151,1549,0
2152,1576,0
2153,1505,0
2154,1579,0
2155,1531,0
2156,1578,0
2157,1502,0
2158,1523,0
2159,1494,0
2160,1549,0
2161,1513,0
2162,1598,0
2163,1503,0
2164,1585,0
2165,1544,0
2166,1598,1
2167,1533,1
2168,1589,1
2169,1627,1
2170,1643,1
2171,1568,1
2172,1616,1
2173,1625,1
2174,1599,1
2175,1588,1
2176,1631,1
2177,1635,1
2178,1629,1
2179,1595,1
2180,1667,1
2181,1644,1
2182,1758,1
2183,1663,1
2184,1709,1
2185,1719,1
2186,1783,1
2187,1802,1
2188,1987,1
2189,1990,1
2190,2021,1
2191,1999,1
2192,2039,1
2193,2045,1
2194,2081,1
2195,2060,1
2196,2058,1
2197,2118,1
2198,2107,1
2199,2158,1
2200,2166,1
2201,2171,1
2202,1993,1
2203,1930,1
2204,1906,1
2205,1898,1
2206,1891,1
2207,1883,1
2208,1813,1
2209,1813,1
2210,1787,1
2211,1764,1
2212,1727,1
2213,1722,1
2214,1687,1
2215,1679,1
2216,1664,1
2217,1668,1
2218,1602,1
2219,1614,1
2220,1637,1
2221,1638,1
2222,1612,1
2223,1675,1
2224,1641,1
2225,1650,1
2226,1589,1
2227,1655,1
2228,1631,1
2229,1673,1
2230,1611,1
2231,1647,1
2232,1580,1
2233,1575,1
2234,1577,1
2235,1557,1
2236,1564,1
2237,1566,0
2238,1503,0
2239,1559,0
2240,1495,0
2241,1543,0
2242,1504,0
2243,1547,0
2244,1488,0
2245,1520,0
2246,1519,0
2247,1584,0
2248,1616,0
2249,1696,0
2250,1682,0
2251,1667,0
2252,1616,0
2253,1616,0
2254,1633,0
2255,1632,0
2256,1639,0
2257,1711,0
2258,1699,0
2259,1696,0
2260,1707,0
2261,1698,0
2262,1643,0
2263,1654,0
2264,1641,0
2265,1709,0
2266,1774,0
2267,1745,0
2268,1730,0
2269,1643,0
2270,1634,0
2271,1701,0
2272,1927,0
2273,1870,0
2274,1833,0
2275,1768,0
2276,1808,0
2277,1857,0
2278,1916,0
2279,1909,0
2280,1925,0
2281,1943,0
2282,1921,0
2283,1805,0
2284,1776,0
2285,1753,0
2286,1724,0
2287,1648,0
2288,1682,0
2289,1629,0
2290,1678,0
2291,1626,0
2292,1656,0
2293,1584,0
2294,1636,0
2295,1605,0
2296,1648,0
2297,1626,0
2298,1605,0
2299,1653,0
2300,1701,0
2301,1647,0
2302,1670,0
2303,1645,0
2304,1618,0
2305,1611,0
2306,1591,0
2307,1605,0
2308,1631,0
2309,1605,0
2310,1580,0
2311,1582,0
2312,1574,0
2313,1552,0
2314,1531,0
2315,1535,0
2316,1527,0
2317,1478,0
2318,1484,0
2319,1488,0
2320,1533,0
2321,1493,0
2322,1493,0
2323,1535,0
2324,1579,0
2325,1550,0
2326,1568,0
2327,1613,0
2328,1621,0
2329,1586,0
2330,1568,0
2331,1591,0
2332,1616,0
2333,1610,0
2334,1584,0
2335,1508,0
2336,1535,0
2337,1552,0
2338,1659,0
2339,1591,0
2340,1630,0
2341,1562,0
2342,1552,0
2343,1519,0
2344,1635,0
2345,1554,0
2346,1643,0
2347,1616,0
2348,1711,0
2349,1712,0
2350,1826,0
2351,1754,0
2352,1776,0
2353,1778,0
2354,1817,0
2355,1834,0
2356,2000,0
2357,1929,0
2358,1814,0
2359,1741,0
2360,1776,0
2361,1712,0
2362,1677,0
2363,1599,0
2364,1659,0
2365,1676,0
2366,1701,0
2367,1568,0
2368,1582,0
2369,1620,0
2370,1648,0
2371,1639,0
2372,1732,0
2373,1663,0
2374,1680,0
2375,1640,0
2376,1718,0
2377,1695,0
2378,1643,0
2379,1648,0
2380,1631,0
2381,1659,0
2382,1646,0
2383,1648,0
2384,1635,0
2385,1675,0
2386,1627,0
2387,1597,0
2388,1584,0
2389,1646,0
2390,1570,0
2391,1594,0
2392,1574,0
2393,1558,0
2394,1520,0
2395,1526,0
2396,1552,0
2397,1603,0
2398,1578,0
2399,1571,0
2400,1557,0
2401,1566,0
2402,1517,0
2403,1520,0
2404,1520,0
2405,1568,0
2406,1494,0
2407,1484,0
2408,1477,0
2409,1568,0
2410,1555,0
2411,1600,0
2412,1584,0
2413,1629,0
2414,1535,0
2415,1555,0
2416,1552,1
2417,1611,1
2418,1673,1
2419,1689,1
2420,1691,1
2421,1689,1
2422,1745,1
2423,1765,1
2424,1711,1
2425,1717,1
2426,1680,1
2427,1744,1
2428,1744,1
2429,1966,1
2430,2064,1
2431,2107,1
2432,2045,1
2433,1954,1
2434,1936,1
2435,1971,1
2436,1931,1
2437,2132,1
2438,2091,1
2439,2109,1
2440,2064,1
2441,2129,1
2442,2123,1
2443,2315,1
2444,2355,1
2445,2363,1
2446,2327,1
2447,2229,1
2448,2352,1
2449,2329,1
2450,2475,1
2451,2251,1
2452,2173,1
2453,2102,1
2454,2063,1
2455,1907,1
2456,1872,1
2457,1872,1
2458,1920,1
2459,1878,1
2460,1911,1
2461,1946,1
2462,1915,1
2463,1891,1
2464,1778,1
2465,1904,1
2466,1809,1
2467,1872,1
2468,1866,1
2469,1821,1
2470,1802,1
2471,1743,1
2472,1751,1
2473,1677,1
2474,1667,1
2475,1597,1
2476,1600,1
2477,1584,1
2478,1615,1
2479,1590,1
2480,1571,1
2481,1562,1
2482,1595,1
2483,1558,1
2484,1589,1
2485,1616,1
2486,1654,1
2487,1587,0
2488,1648,0
2489,1600,0
2490,1622,0
2491,1557,0
2492,1616,0
2493,1569,0
2494,1622,0
2495,1626,0
2496,1600,0
2497,1551,0
2498,1593,0
2499,1523,0
2500,1607,0
2501,1643,0
2502,1659,0
2503,1657,0
2504,1622,0
2505,1547,0
2506,1616,0
2507,1615,0
2508,1605,0
2509,1584,0
2510,1616,0
2511,1616,0
2512,1653,0
2513,1675,0
2514,1697,0
2515,1634,0
2516,1679,0
2517,1756,0
2518,1787,0
2519,1809,0
2520,1845,0
2521,1856,0
2522,1890,0
2523,1967,0
2524,1970,0
2525,1985,0
2526,1997,0
2527,1991,0
2528,1917,0
2529,1977,0
2530,1957,0
2531,1850,0
2532,1835,0
2533,1809,0
2534,1897,0
2535,1795,0
2536,1774,0
2537,1730,0
2538,1751,0
2539,1783,0
2540,1764,0
2541,1779,0
2542,1886,0
2543,1855,0
2544,1782,0
2545,1697,0
2546,1849,0
2547,1967,0
2548,1923,0
2549,1867,0
2550,1856,0
2551,1881,0
2552,1802,0
2553,1823,0
2554,1846,0
2555,1856,0
2556,1744,0
2557,1744,0
2558,1729,0
2559,1799,0
2560,1698,0
2561,1711,0
2562,1721,0
2563,1737,0
2564,1676,0
2565,1697,0
2566,1680,0
2567,1696,0
2568,1619,0
2569,1630,0
2570,1583,0
2571,1634,0
2572,1599,0
2573,1648,0
2574,1612,0
2575,1631,0
2576,1578,1
2577,1587,1
2578,1547,1
2579,1561,1
2580,1551,1
2581,1629,1
2582,1600,1
2583,1635,1
2584,1601,1
2585,1629,1
2586,1574,1
2587,1626,1
2588,1585,1
2589,1598,1
2590,1601,1
2591,1669,1
2592,1664,1
2593,1645,1
2594,1650,1
2595,1733,1
2596,1699,1
2597,1632,1
2598,1569,1
2599,1572,1
2600,1567,1
2601,1562,1
2602,1514,1
2603,1495,1
2604,1548,1
2605,1637,1
2606,1661,1
2607,1697,1
2608,1806,1
2609,1835,1
2610,1965,1
2611,2150,1
2612,2268,1
2613,2304,1
2614,2204,1
2615,2262,1
2616,2221,1
2617,2126,1
2618,1971,1
2619,1936,1
2620,2157,1
2621,2112,1
2622,2131,1
2623,2080,1
2624,2141,1
2625,2055,1
2626,1943,1
2627,1851,1
2628,1841,1
2629,1750,1
2630,1766,1
2631,1744,1
2632,1868,1
2633,1815,1
2634,1822,1
2635,1770,1
2636,1775,1
2637,1712,1
2638,1721,1
2639,1713,1
2640,1757,1
2641,1703,1
2642,1734,1
2643,1738,1
2644,1712,1
2645,1689,1
2646,1741,1
2647,1766,0
2648,1755,0
2649,1682,0
2650,1673,0
2651,1647,0
2652,1685,0
2653,1607,0
2654,1659,0
2655,1650,0
2656,1664,0
2657,1623,0
2658,1670,0
2659,1595,0
2660,1671,0
2661,1607,0
2662,1625,0
2663,1599,0
2664,1619,0
2665,1535,0
2666,1566,0
2667,1530,0
2668,1575,0
2669,1550,0
2670,1547,0
2671,1516,0
2672,1566,0
2673,1547,0
2674,1514,0
2675,1507,0
2676,1563,0
2677,1527,0
2678,1471,0
2679,1459,0
2680,1487,0
2681,1522,0
2682,1535,0
2683,1545,0
2684,1721,0
2685,1635,0
2686,1498,0
2687,1509,0
2688,1520,0
2689,1550,0
2690,1476,0
2691,1477,0
2692,1551,0
2693,1587,0
2694,1562,0
2695,1650,0
2696,1686,0
2697,1641,0
2698,1665,0
2699,1636,0
2700,1811,0
2701,1821,0
2702,1849,1
2703,1910,1
2704,1889,1
2705,1952,1
2706,1845,1
2707,1798,1
2708,1890,1
2709,1971,1
2710,2037,1
2711,2132,1
2712,2095,1
2713,2149,1
2714,2124,1
2715,2181,1
2716,2167,1
2717,2464,1
2718,2327,1
2719,2275,1
2720,2333,1
2721,2480,1
2722,2416,1
2723,2289,1
2724,2115,1
2725,2128,1
2726,2130,1
2727,2256,1
2728,2371,1
2729,2265,1
2730,2502,1
2731,2365,1
2732,2198,1
2733,2134,1
2734,2070,1
2735,1969,1
2736,1918,1
2737,1937,1
2738,1866,1
2739,1853,1
2740,1780,1
2741,1835,1
2742,1761,1
2743,1797,1
2744,1776,1
2745,1819,1
2746,1882,1
2747,1776,1
2748,1785,1
2749,1877,1
2750,1921,1
2751,1968,1
2752,2015,1
2753,1979,1
2754,1953,1
2755,1890,1
2756,1797,1
2757,1794,1
2758,1776,1
2759,1712,1
2760,1648,1
2761,1670,1
2762,1711,1
2763,1606,1
2764,1589,0
2765,1600,0
2766,1641,1
2767,1582,0
2768,1591,0
2769,1597,0
2770,1613,1
2771,1591,0
2772,1609,1
2773,1555,0
2774,1600,0
2775,1534,0
2776,1530,0
2777,1509,0
2778,1579,0
2779,1559,0
2780,1526,0
2781,1504,0
2782,1622,1
2783,1651,1
2784,1629,1
2785,1554,0
2786,1616,1
2787,1643,1
2788,1599,0
2789,1550,0
2790,1648,1
2791,1603,1
2792,1741,1
2793,1694,1
2794,1682,1
2795,1858,1
2796,2099,1
2797,2027,1
2798,2061,1
2799,1984,1
2800,2000,1
2801,1921,1
2802,1885,1
2803,1985,1
2804,2021,1
2805,2027,1
2806,2149,1
2807,2315,1
2808,2265,1
2809,2181,1
2810,2176,1
2811,2343,1
2812,2509,1
2813,2358,1
2814,2256,1
2815,2217,1
2816,2256,1
2817,2225,1
2818,2518,1
2819,2544,1
2820,2604,1
2821,2687,1
2822,2646,1
2823,2878,1
2824,2591,1
2825,2471,1
2826,2226,1
2827,2141,1
2828,2001,1
2829,1943,1
2830,1907,1
2831,1899,1
2832,1845,1
2833,1834,1
2834,1860,1
2835,1891,1
2836,1757,1
2837,1744,1
2838,1751,1
2839,1721,1
2840,1775,1
2841,1792,1
2842,1745,1
2843,1724,1
2844,1691,1
2845,1734,1
2846,1680,1
2847,1668,1
2848,1635,1
2849,1712,1
2850,1664,1
2851,1669,1
2852,1606,1
2853,1616,1
2854,1600,0
2855,1658,1
2856,1607,1
2857,1648,1
2858,1616,1
2859,1647,1
2860,1607,1
2861,1623,1
2862,1601,1
2863,1605,1
2864,1559,0
2865,1602,1
2866,1594,0
2867,1617,1
2868,1552,0
2869,1601,1
2870,1511,0
2871,1543,0
2872,1553,0
2873,1520,0
2874,1497,0
2875,1553,0
2876,1505,0
2877,1558,0
2878,1535,0
2879,1583,0
2880,1519,0
2881,1535,0
2882,1531,0
2883,1648,1
2884,1628,1
2885,1648,1
2886,1566,0
2887,1599,0
2888,1599,0
2889,1685,1
2890,1647,1
2891,1731,1
2892,1746,1
2893,1810,1
2894,1797,1
2895,1799,1
2896,1762,1
2897,1825,1
2898,1890,1
2899,1967,1
2900,1863,1
2901,1731,1
2902,1821,1
2903,1873,1
2904,1905,1
2905,1902,1
2906,1847,1
2907,1877,1
2908,2101,1
2909,2171,1
2910,2274,1
2911,2174,1
2912,2070,1
2913,2221,1
2914,2173,1
2915,2219,1
2916,2153,1
2917,2307,1
2918,2548,1
2919,2479,1
2920,2515,1
2921,2384,1
2922,2249,1
2923,2062,1
2924,1936,1
2925,1841,1
2926,1809,1
2927,1802,1
2928,1831,1
2929,1782,1
2930,1722,1
2931,1721,1
2932,1795,1
2933,1674,1
2934,1735,1
2935,1682,1
2936,1721,1
2937,1659,1
2938,1690,1
2939,1676,1
2940,1678,1
2941,1602,1
2942,1669,1
2943,1619,1
2944,1661,1
2945,1648,1
2946,1658,1
2947,1582,0
2948,1623,1
2949,1574,0
2950,1588,0
2951,1576,0
2952,1635,1
2953,1618,1
2954,1631,1
2955,1612,1
2956,1632,1
2957,1564,0
2958,1594,0
2959,1535,0
2960,1573,0
2961,1553,0
2962,1557,0
2963,1501,0
2964,1560,0
2965,1522,0
2966,1526,0
2967,1487,0
2968,1552,0
2969,1494,0
2970,1501,0
2971,1472,0
2972,1535,0
2973,1565,0
2974,1596,0
2975,1588,0
2976,1627,1
2977,1623,1
2978,1643,1
2979,1615,1
2980,1639,1
2981,1691,1
2982,1675,1
2983,1670,1
2984,1719,1
2985,1845,1
2986,1762,1
2987,1786,1
2988,1794,1
2989,1916,1
2990,1852,1
2991,1863,1
2992,1986,1
2993,2035,1
2994,1893,1
2995,1870,1
2996,1995,1
2997,2000,1
2998,1933,1
2999,1910,1
3000,1840,1
3001,1844,1
3002,1787,1
3003,1787,1
3004,1796,1
3005,1791,1
3006,1855,1
3007,1942,1
3008,1900,1
3009,2001,1
3010,1891,1
3011,1872,1
3012,1913,1
3013,1919,1
3014,1772,1
3015,1774,1
3016,1723,1
3017,1870,1
3018,1780,1
3019,1796,1
3020,1723,1
3021,1781,1
3022,1715,1
3023,1757,1
3024,1680,1
3025,1744,1
3026,1677,1
3027,1681,1
3028,1637,1
3029,1679,1
3030,1690,1
3031,1776,1
3032,1749,1
3033,1803,1
3034,1769,1
3035,1798,1
3036,1717,1
3037,1833,1
3038,1803,1
3039,1781,1
3040,1712,1
3041,1738,1
3042,1680,1
3043,1757,1
3044,1701,1
3045,1711,1
3046,1722,1
3047,1639,1
3048,1600,0
3049,1662,1
3050,1591,0
3051,1581,0
3052,1535,0
3053,1554,0
3054,1520,0
3055,1493,0
3056,1488,0
3057,1498,0
3058,1515,0
3059,1488,0
3060,1488,0
3061,1497,0
3062,1515,0
3063,1493,0
3064,1499,0
3065,1534,0
3066,1545,0
3067,1494,0
3068,1490,0
3069,1496,0
3070,1546,0
3071,1515,0
3072,1520,0
3073,1567,0
3074,1570,0
3075,1528,0
3076,1571,0
3077,1599,0
3078,1574,0
3079,1626,1
3080,1648,1
3081,1627,1
3082,1621,1
3083,1587,0
3084,1586,0
3085,1617,1
3086,1690,1
3087,1648,1
3088,1697,1
3089,1791,1
3090,1790,1
3091,1712,1
3092,1723,1
3093,1664,1
3094,1712,1
3095,1651,1
3096,1711,1
3097,1738,1
3098,1879,1
3099,1858,1
3100,1915,1
3101,2038,1
3102,2059,1
3103,1996,1
3104,1987,1
3105,1954,1
3106,1915,1
3107,1779,1
3108,1776,1
3109,1833,1
3110,1910,1
3111,2000,1
3112,1951,1
3113,1825,1
3114,1852,1
3115,1773,1
3116,1778,1
3117,1663,1
3118,1664,1
3119,1750,1
3120,1782,1
3121,1770,1
3122,1770,1
3123,1819,1
3124,1752,1
3125,1721,1
3126,1771,1
3127,1660,1
3128,1716,1
3129,1681,1
3130,1726,1
3131,1685,1
3132,1744,1
3133,1723,1
3134,1722,1
3135,1710,1
3136,1659,1
3137,1656,1
3138,1646,1
3139,1657,1
3140,1637,1
3141,1638,1
3142,1648,1
3143,1650,1
3144,1606,1
3145,1578,0
3146,1584,0
3147,1595,0
3148,1600,0
3149,1599,0
3150,1595,0
3151,1622,1
3152,1582,0
3153,1587,0
3154,1563,0
3155,1584,0
3156,1527,0
3157,1543,0
3158,1535,0
3159,1562,0
3160,1491,0
3161,1535,0
3162,1511,0
3163,1572,0
3164,1482,0
3165,1498,0
3166,1470,0
3167,1511,0
3168,1467,0
3169,1556,0
3170,1552,0
3171,1565,0
3172,1571,0
3173,1630,1
3174,1631,1
3175,1686,1
3176,1598,0
3177,1584,0
3178,1631,1
3179,1619,1
3180,1613,1
3181,1705,1
3182,1715,1
3183,1712,1
3184,1681,1
3185,1680,1
3186,1680,1
3187,1682,1
3188,1763,1
3189,1764,1
3190,1753,1
3191,1889,1
3192,1918,1
3193,1972,1
3194,1919,1
3195,1874,1
3196,1875,1
3197,1897,1
3198,2033,1
3199,2096,1
3200,2125,1
3201,2070,1
3202,2101,1
3203,2035,1
3204,2250,1
3205,2135,1
3206,2211,1
3207,2176,1
3208,2075,1
3209,1869,1
3210,1818,1
3211,1793,1
3212,1738,1
3213,1707,1
3214,1666,1
3215,1712,1
3216,1706,1
3217,1622,1
3218,1655,1
3219,1648,1
3220,1723,1
3221,1648,1
3222,1726,1
3223,1663,1
3224,1672,1
3225,1703,1
3226,1680,1
3227,1712,1
3228,1713,1
3229,1655,1
3230,1700,1
3231,1655,1
3232,1669,1
3233,1633,1
3234,1651,1
3235,1616,1
3236,1615,1
3237,1598,0
3238,1607,1
3239,1571,0
3240,1586,0
3241,1553,0
3242,1574,0
3243,1550,0
3244,1586,0
3245,1558,0
3246,1565,0
3247,1518,0
3248,1558,0
3249,1511,0
3250,1552,0
3251,1511,0
3252,1569,0
3253,1489,0
3254,1553,0
3255,1457,0
3256,1507,0
3257,1466,0
3258,1475,0
3259,1424,0
3260,1471,0
3261,1440,0
3262,1481,0
3263,1468,0
3264,1505,0
3265,1485,0
3266,1526,0
3267,1459,0
3268,1506,0
3269,1485,0
3270,1495,0
3271,1425,0
3272,1461,0
3273,1446,0
3274,1456,0
3275,1427,0
3276,1427,0
3277,1438,0
3278,1471,0
3279,1481,0
3280,1578,0
3281,1581,0
3282,1566,0
3283,1552,0
3284,1620,1
3285,1517,0
3286,1535,0
3287,1609,1
3288,1661,1
3289,1671,1
3290,1614,1
3291,1533,0
3292,1520,0
3293,1486,0
3294,1490,0
3295,1651,1
3296,1690,1
3297,1741,1
3298,1790,1
3299,1803,1
3300,1878,1
3301,1979,1
3302,1925,1
3303,1909,1
3304,1840,1
3305,1841,1
3306,1805,1
3307,1747,1
3308,1712,1
3309,1727,1
3310,1631,1
3311,1631,1
3312,1595,0
3313,1599,0
3314,1581,0
3315,1647,1
3316,1567,0
3317,1655,1
3318,1589,0
3319,1645,1
3320,1630,1
3321,1653,1
3322,1629,1
3323,1645,1
3324,1631,1
3325,1729,1
3326,1727,1
3327,1728,1
3328,1666,1
3329,1739,1
3330,1686,1
3331,1677,1
3332,1684,1
3333,1681,1
3334,1647,1
3335,1605,1
3336,1549,0
3337,1584,0
3338,1531,0
3339,1555,0
3340,1520,0
3341,1601,1
3342,1562,0
3343,1573,0
3344,1522,0
3345,1591,0
3346,1531,0
3347,1571,0
3348,1535,0
3349,1584,0
3350,1595,0
3351,1616,1
3352,1557,0
3353,1571,0
3354,1579,0
3355,1563,0
3356,1522,0
3357,1545,0
3358,1523,0
3359,1509,0
3360,1487,0
3361,1509,0
3362,1533,0
3363,1561,0
3364,1521,0
3365,1535,0
3366,1534,0
3367,1498,0
3368,1500,0
3369,1567,0
3370,1559,0
3371,1593,0
3372,1577,0
3373,1596,0
3374,1668,1
3375,1668,1
3376,1684,1
3377,1697,1
3378,1697,1
3379,1648,1
3380,1709,1
3381,1738,1
3382,1747,1
3383,1666,1
3384,1728,1
3385,1721,1
3386,1745,1
3387,1716,1
3388,1746,1
3389,1760,1
3390,1748,1
3391,1745,1
3392,1866,1
3393,1792,1
3394,1968,1
3395,2110,1
3396,2283,1
3397,2345,1
3398,2147,1
3399,2139,1
3400,2029,1
3401,2171,1
3402,2176,1
3403,2163,1
3404,2160,1
3405,2004,1
3406,1969,1
3407,1850,1
3408,1762,1
3409,1655,1
3410,1645,1
3411,1607,1
3412,1647,1
3413,1648,1
3414,1723,1
3415,1636,1
3416,1595,0
3417,1535,0
3418,1562,0
3419,1567,0
3420,1587,0
3421,1526,0
3422,1623,1
3423,1641,1
3424,1622,1
3425,1627,1
3426,1616,1
3427,1590,0
3428,1639,1
3429,1588,0
3430,1616,1
3431,1587,0
3432,1633,1
3433,1567,0
3434,1584,0
3435,1595,0
3436,1597,0
3437,1566,0
3438,1567,0
3439,1526,0
3440,1514,0
3441,1505,0
3442,1562,0
3443,1579,0
3444,1535,0
3445,1532,0
3446,1549,0
3447,1552,0
3448,1490,0
3449,1488,0
3450,1506,0
3451,1521,0
3452,1471,0
3453,1472,0
3454,1487,0
3455,1488,0
3456,1447,0
3457,1486,0
3458,1500,0
3459,1535,0
3460,1507,0
3461,1519,0
3462,1501,0
3463,1507,0
3464,1489,0
3465,1541,0
3466,1546,0
3467,1581,0
3468,1498,0
3469,1488,0
3470,1437,0
3471,1436,0
3472,1447,0
3473,1517,0
3474,1488,0
3475,1523,0
3476,1567,0
3477,1633,1
3478,1608,1
3479,1663,1
3480,1690,1
3481,1799,1
3482,1878,1
3483,1746,1
3484,1728,1
3485,1783,1
3486,1785,1
3487,1707,1
3488,1698,1
3489,1790,1
3490,1802,1
3491,1783,1
3492,1868,1
3493,1942,1
3494,1895,1
3495,1954,1
3496,2159,1
3497,2357,1
3498,2487,1
3499,2517,1
3500,2448,1
3501,2611,1
3502,2437,1
3503,2362,1
3504,2357,1
3505,2439,1
3506,2197,1
3507,2099,1
3508,1968,1
3509,1889,1
3510,1809,1
3511,1763,1
3512,1811,1
3513,1734,1
3514,1710,1
3515,1746,1
3516,1740,1
3517,1694,1
3518,1648,1
3519,1629,1
3520,1667,1
3521,1617,1
3522,1623,1
3523,1577,0
3524,1599,0
3525,1648,1
3526,1635,1
3527,1644,1
3528,1696,1
3529,1617,1
3530,1563,0
3531,1623,1
3532,1680,1
3533,1613,1
3534,1626,1
3535,1595,0
3536,1648,1
3537,1579,0
3538,1571,0
3539,1553,0
3540,1596,0
3541,1527,0
3542,1525,0
3543,1545,0
3544,1569,0
3545,1520,0
3546,1554,0
3547,1525,0
3548,1585,0
3549,1509,0
3550,1531,0
3551,1489,0
3552,1525,0
3553,1487,0
3554,1548,0
3555,1497,0
3556,1556,0
3557,1504,0
3558,1534,0
3559,1492,0
3560,1534,0
3561,1511,0
3562,1535,0
3563,1532,0
3564,1571,0
3565,1518,0
3566,1554,0
3567,1488,0
3568,1522,0
3569,1505,0
3570,1598,0
3571,1512,0
3572,1535,0
3573,1476,0
3574,1485,0
3575,1472,0
3576,1460,0
3577,1457,0
3578,1504,0
3579,1530,0
3580,1637,1
3581,1607,1
3582,1568,0
3583,1553,0
3584,1535,0
3585,1584,0
3586,1583,0
3587,1712,1
3588,1771,1
3589,1872,1
3590,1815,1
3591,1856,1
3592,1906,1
3593,1878,1
3594,1823,1
3595,1794,1
3596,1866,1
3597,1984,1
3598,1977,1
3599,2311,1
3600,2239,1
3601,2201,1
3602,2174,1
3603,2107,1
3604,2287,1
3605,2278,1
3606,2121,1
3607,2044,1
3608,1939,1
3609,1905,1
3610,1783,1
3611,1744,1
3612,1775,1
3613,1759,1
3614,1675,1
3615,1685,1
3616,1661,1
3617,1712,1
3618,1644,1
3619,1686,1
3620,1641,1
3621,1686,1
3622,1643,1
3623,1701,1
3624,1648,1
3625,1716,1
3626,1664,1
3627,1680,1
3628,1625,1
3629,1653,1
3630,1600,0
3631,1611,1
3632,1546,0
3633,1593,0
3634,1578,0
3635,1593,0
3636,1557,0
3637,1586,0
3638,1531,0
3639,1562,0
3640,1520,0
3641,1588,0
3642,1522,0
3643,1552,0
3644,1498,0
3645,1550,0
3646,1504,0
3647,1519,0
3648,1455,0
3649,1528,0
3650,1502,0
3651,1515,0
3652,1462,0
3653,1525,0
3654,1488,0
3655,1479,0
3656,1467,0
3657,1518,0
3658,1495,0
3659,1505,0
3660,1456,0
3661,1507,0
3662,1497,0
3663,1520,0
3664,1473,0
3665,1494,0
3666,1499,0
3667,1479,0
3668,1441,0
3669,1486,0
3670,1519,0
3671,1548,0
3672,1531,0
3673,1584,0
3674,1659,1
3675,1600,0
3676,1569,0
3677,1563,0
3678,1636,1
3679,1534,0
3680,1502,0
3681,1478,0
3682,1577,0
3683,1556,0
3684,1642,1
3685,1591,0
3686,1643,1
3687,1675,1
3688,1632,1
3689,1648,1
3690,1770,1
3691,1677,1
3692,1780,1
3693,1809,1
3694,1863,1
3695,1761,1
3696,1829,1
3697,1738,1
3698,1689,1
3699,1715,1
3700,1801,1
3701,1807,1
3702,2006,1
3703,2010,1
3704,2010,1
3705,1872,1
3706,1865,1
3707,1839,1
3708,1836,1
3709,1766,1
3710,1745,1
3711,1680,1
3712,1701,1
3713,1633,1
3714,1647,1
3715,1655,1
3716,1664,1
3717,1613,1
3718,1724,1
3719,1693,1
3720,1623,1
3721,1653,1
3722,1669,1
3723,1664,1
3724,1687,1
3725,1622,1
3726,1678,1
3727,1648,1
3728,1680,1
3729,1616,1
3730,1678,1
3731,1631,1
3732,1665,1
3733,1615,1
3734,1643,1
3735,1603,1
3736,1567,0
3737,1535,0
3738,1581,0
3739,1559,0
3740,1545,0
3741,1506,0
3742,1554,0
3743,1535,0
3744,1549,0
3745,1518,0
3746,1555,0
3747,1555,0
3748,1528,0
3749,1505,0
3750,1520,0
3751,1533,0
3752,1491,0
3753,1473,0
3754,1520,0
3755,1520,0
3756,1487,0
3757,1489,0
3758,1502,0
3759,1534,0
3760,1488,0
3761,1514,0
3762,1513,0
3763,1568,0
3764,1530,0
3765,1581,0
3766,1573,0
3767,1573,0
3768,1503,0
3769,1552,0
3770,1535,0
3771,1569,0
3772,1549,0
3773,1565,0
3774,1546,0
3775,1615,1
3776,1567,0
3777,1619,1
3778,1584,0
3779,1632,1
3780,1587,0
3781,1654,1
3782,1593,0
3783,1615,1
3784,1596,0
3785,1689,1
3786,1665,1
3787,1657,1
3788,1614,1
3789,1657,1
3790,1709,1
3791,1742,1
3792,1709,1
3793,1727,1
3794,1651,1
3795,1731,1
3796,1701,1
3797,1698,1
3798,1632,1
3799,1654,1
3800,1635,1
3801,1475,0
3802,1447,0
3803,1476,0
3804,1571,0
3805,1583,0
3806,1545,0
3807,1571,0
3808,1587,0
3809,1535,0
3810,1523,0
3811,1517,0
3812,1549,0
3813,1553,0
3814,1591,0
3815,1597,0
3816,1667,0
3817,1625,0
3818,1563,0
3819,1566,0
3820,1695,0
3821,1687,0
3822,1631,0
3823,1693,0
3824,1637,0
3825,1571,0
3826,1674,0
3827,1712,0
3828,1693,0
3829,1581,0
3830,1507,0
3831,1552,0
3832,1658,0
3833,1615,0
3834,1575,0
3835,1488,0
3836,1663,0
3837,1623,0
3838,1789,0
3839,1793,0
3840,2057,0
3841,2144,0
3842,2060,0
3843,2014,0
3844,1951,0
3845,2140,0
3846,2096,0
3847,1926,0
3848,1886,0
3849,1794,0
3850,1703,0
3851,1655,0
3852,1739,0
3853,1678,0
3854,1696,0
3855,1646,0
3856,1728,0
3857,1745,0
3858,1792,0
3859,1787,0
3860,1872,0
3861,1801,0
3862,1777,0
3863,1714,0
3864,1648,0
3865,1723,0
3866,1681,0
3867,1686,0
3868,1654,0
3869,1607,0
3870,1622,0
3871,1587,0
3872,1597,0
3873,1605,0
3874,1557,0
3875,1555,0
3876,1587,0
3877,1614,0
3878,1567,0
3879,1563,0
3880,1562,0
3881,1584,0
3882,1520,0
3883,1494,0
3884,1521,0
3885,1553,0
3886,1497,0
3887,1499,0
3888,1483,0
3889,1497,0
3890,1474,0
3891,1483,0
3892,1459,0
3893,1468,0
3894,1429,0
3895,1425,0
3896,1430,0
3897,1447,0
3898,1422,0
3899,1441,0
3900,1395,0
3901,1394,0
3902,1364,0
3903,1390,0
3904,1370,0
3905,1371,0
3906,1333,0
3907,1346,0
3908,1333,0
3909,1346,0
3910,1331,0
3911,1422,0
3912,1439,0
3913,1456,0
3914,1393,0
3915,1395,0
3916,1339,0
3917,1387,0
3918,1314,0
3919,1271,0
3920,1236,0
3921,1295,0
3922,1263,0
3923,1310,0
3924,1293,0
3925,1344,0
3926,1406,0
3927,1445,0
3928,1389,0
3929,1342,0
3930,1469,0
3931,1488,0
3932,1561,0
3933,1461,0
3934,1377,0
3935,1510,0
3936,1751,0
3937,1617,0
3938,1664,0
3939,1696,0
3940,1719,0
3941,1803,0
3942,1824,0
3943,1798,0
3944,1689,0
3945,1647,0
3946,1600,0
3947,1578,0
3948,1643,0
3949,1683,0
3950,1739,0
3951,1666,0
3952,1810,0
3953,1877,0
3954,1863,0
3955,1755,0
3956,1701,0
3957,1779,0
3958,1936,0
3959,1852,0
3960,1723,0
3961,1669,0
3962,1611,0
3963,1526,0
3964,1494,0
3965,1503,0
3966,1510,0
3967,1434,0
3968,1455,0
3969,1488,0
3970,1649,0
3971,1733,0
3972,1663,0
3973,1597,0
3974,1561,0
3975,1517,0
3976,1566,0
3977,1508,0
3978,1546,0
3979,1527,0
3980,1485,1
3981,1427,1
3982,1463,1
3983,1395,1
3984,1393,1
3985,1360,1
3986,1380,1
3987,1347,1
3988,1470,1
3989,1594,1
3990,1648,1
3991,1526,1
3992,1488,1
3993,1443,1
3994,1447,1
3995,1644,1
3996,1725,1
3997,1737,1
3998,1680,1
3999,1718,1
4000,1856,1
4001,2000,1
4002,1987,1
4003,1969,1
4004,2019,1
4005,1982,1
4006,2038,1
4007,2081,1
4008,2095,1
4009,2119,1
4010,2146,1
4011,2407,1
4012,2466,1
4013,2288,1
4014,2417,1
4015,2286,1
4016,2141,1
4017,2054,1
4018,1955,1
4019,1973,1
4020,1861,1
4021,1882,1
4022,2101,1
4023,2149,1
4024,2036,1
4025,2115,1
4026,2000,1
4027,2005,1
4028,1915,1
4029,1903,1
4030,1881,1
4031,1853,1
4032,1878,1
4033,1878,1
4034,1865,1
4035,1845,1
4036,1759,1
4037,1722,1
4038,1658,1
4039,1712,1
4040,1639,1
4041,1687,1
4042,1648,1
4043,1671,1
4044,1627,1
4045,1619,1
4046,1569,1
4047,1600,1
4048,1535,1
4049,1549,1
4050,1521,1
4051,1586,1
4052,1523,0
4053,1522,0
4054,1463,0
4055,1488,0
4056,1488,0
4057,1535,0
4058,1520,0
4059,1584,0
4060,1520,0
4061,1552,0
4062,1491,0
4063,1580,0
4064,1575,0
4065,1521,0
4066,1489,0
4067,1645,0
4068,1583,0
4069,1699,0
4070,1648,0
4071,1747,0
4072,1770,0
4073,1695,0
4074,1671,0
4075,1629,0
4076,1557,0
4077,1554,0
4078,1597,0
4079,1655,0
4080,1569,0
4081,1499,0
4082,1472,0
4083,1622,0
4084,1725,0
4085,1858,0
4086,1937,0
4087,2103,0
4088,2195,0
4089,2173,0
4090,2055,0
4091,2021,0
4092,1984,0
4093,1933,0
4094,1851,0
4095,1857,0
4096,1794,0
4097,1776,0
4098,1787,0
4099,1798,0
4100,1808,0
4101,1682,0
4102,1662,0
4103,1615,0
4104,1645,0
4105,1584,0
4106,1606,0
4107,1682,0
4108,1703,0
4109,1623,0
4110,1657,0
4111,1634,0
4112,1721,0
4113,1638,0
4114,1658,0
4115,1601,0
4116,1648,0
4117,1615,0
4118,1622,0
4119,1578,0
4120,1588,0
4121,1523,0
4122,1557,0
4123,1513,0
4124,1547,0
4125,1487,0
4126,1520,0
4127,1481,0
4128,1511,0
4129,1459,0
4130,1511,1
4131,1529,1
4132,1602,1
4133,1530,1
4134,1570,1
4135,1584,1
4136,1723,1
4137,1767,1
4138,1737,1
4139,1771,1
4140,1771,1
4141,1703,1
4142,1715,1
4143,1711,1
4144,1663,1
4145,1598,1
4146,1599,1
4147,1597,1
4148,1531,1
4149,1545,1
4150,1552,1
4151,1557,1
4152,1616,1
4153,1581,1
4154,1836,1
4155,1870,1
4156,1819,1
4157,1872,1
4158,1840,1
4159,1884,1
4160,2096,1
4161,2137,1
4162,2061,1
4163,2175,1
4164,2377,1
4165,2333,1
4166,2368,1
4167,2157,1
4168,2016,1
4169,2078,1
4170,1931,1
4171,1869,1
4172,1831,1
4173,1869,1
4174,1807,1
4175,1801,1
4176,1716,1
4177,1744,1
4178,1691,1
4179,1682,1
4180,1635,1
4181,1701,1
4182,1666,1
4183,1712,1
4184,1645,1
4185,1666,1
4186,1568,1
4187,1596,1
4188,1535,1
4189,1555,1
4190,1474,1
4191,1477,1
4192,1435,1
4193,1456,1
4194,1433,1
4195,1444,1
4196,1441,1
4197,1467,1
4198,1434,1
4199,1441,1
4200,1426,1
4201,1449,0
4202,1442,0
4203,1461,0
4204,1412,0
4205,1434,0
4206,1424,0
4207,1424,0
4208,1362,0
4209,1409,0
4210,1407,0
4211,1387,0
4212,1404,0
4213,1506,0
4214,1485,0
4215,1569,0
4216,1616,0
4217,1715,0
4218,1693,0
4219,1655,0
4220,1617,0
4221,1633,0
4222,1633,0
4223,1616,0
4224,1638,0
4225,1651,0
4226,1613,0
4227,1622,0
4228,1722,0
4229,1825,0
4230,1840,0
4231,1787,0
4232,1872,0
4233,1910,0
4234,2081,0
4235,1979,0
4236,2014,0
4237,1924,0
4238,1814,0
4239,1808,0
4240,1778,0
4241,1805,0
4242,1776,0
4243,1907,0
4244,1845,0
4245,1833,0
4246,1794,0
4247,1685,0
4248,1647,0
4249,1630,0
4250,1707,0
4251,1633,0
4252,1614,0
4253,1637,0
4254,1650,0
4255,1588,0
4256,1616,0
4257,1575,0
4258,1510,0
4259,1522,0
4260,1623,0
4261,1630,0
4262,1702,0
4263,1609,0
4264,1623,0
4265,1596,0
4266,1647,0
4267,1578,0
4268,1571,0
4269,1583,0
4270,1616,0
4271,1571,0
4272,1617,0
4273,1610,0
4274,1617,0
4275,1555,0
4276,1577,0
4277,1533,0
4278,1584,0
4279,1527,0
4280,1535,0
4281,1484,0
4282,1507,0
4283,1494,0
4284,1559,0
4285,1519,0
4286,1527,0
4287,1525,0
4288,1517,0
4289,1479,0
4290,1521,0
4291,1504,0
4292,1517,0
4293,1479,0
4294,1582,0
4295,1616,0
4296,1623,0
4297,1559,0
4298,1603,0
4299,1591,0
4300,1648,0
4301,1670,0
4302,1744,0
4303,1683,0
4304,1712,0
4305,1713,0
4306,1685,0
4307,1702,0
4308,1679,0
4309,1567,0
4310,1668,0
4311,1717,0
4312,1759,0
4313,1935,0
4314,1985,0
4315,1975,0
4316,1907,0
4317,1839,0
4318,1930,0
4319,2101,0
4320,2235,0
4321,2137,0
4322,2055,0
4323,1984,0
4324,1845,0
4325,1779,0
4326,1762,0
4327,1754,0
4328,1699,0
4329,1714,0
4330,1691,0
4331,1711,0
4332,1720,0
4333,1749,0
4334,1694,0
4335,1667,0
4336,1701,0
4337,1677,0
4338,1625,0
4339,1627,0
4340,1647,0
4341,1675,0
4342,1609,0
4343,1647,0
4344,1563,0
4345,1549,0
4346,1504,0
4347,1574,0
4348,1535,0
4349,1563,0
4350,1519,0
4351,1557,0
4352,1519,0
4353,1552,0
4354,1489,0
4355,1552,0
4356,1520,0
4357,1549,0
4358,1530,0
4359,1607,0
4360,1691,0
4361,1651,0
4362,1680,0
4363,1696,0
4364,1599,0
4365,1684,0
4366,1642,0
4367,1648,0
4368,1587,0
4369,1552,0
4370,1639,0
4371,1713,0
4372,1695,0
4373,1693,0
4374,1667,0
4375,1703,0
4376,1765,0
4377,1742,0
4378,1744,0
4379,1793,0
4380,1773,0
4381,1797,0
4382,1762,0
4383,1937,0
4384,1847,0
4385,1855,0
4386,1969,0
4387,1957,0
4388,1876,0
4389,1921,0
4390,1819,0
4391,1836,0
4392,1943,0
4393,1840,0
4394,1792,0
4395,1728,0
4396,1781,0
4397,1696,0
4398,1678,0
4399,1597,0
4400,1575,0
4401,1585,0
4402,1666,0
4403,1648,0
4404,1683,0
4405,1625,0
4406,1613,0
4407,1677,0
4408,1730,0
4409,1729,0
4410,1698,0
4411,1697,0
4412,1684,0
4413,1715,0
4414,1726,0
4415,1689,0
4416,1682,0
4417,1631,0
4418,1643,0
4419,1615,0
4420,1654,0
4421,1614,0
4422,1616,0
4423,1581,0
4424,1603,0
4425,1574,0
4426,1562,0
4427,1513,0
4428,1553,0
4429,1506,0
4430,1491,0
4431,1485,0
4432,1555,0
4433,1556,0
4434,1510,0
4435,1470,1
4436,1518,1
4437,1508,1
4438,1511,1
4439,1511,1
4440,1535,1
4441,1472,1
4442,1514,1
4443,1489,1
4444,1549,1
4445,1531,1
4446,1485,1
4447,1635,1
4448,1741,1
4449,1776,1
4450,1782,1
4451,1938,1
4452,1958,1
4453,1968,1
4454,1968,1
4455,1975,1
4456,1936,1
4457,2025,1
4458,2000,1
4459,2091,1
4460,2133,1
4461,2167,1
4462,2083,1
4463,1968,1
4464,2182,1
4465,2159,1
4466,2211,1
4467,2393,1
4468,2517,1
4469,2457,1
4470,2347,1
4471,2351,1
4472,2358,1
4473,2210,1
4474,2096,1
4475,1957,1
4476,1854,1
4477,1842,1
4478,1733,1
4479,1796,1
4480,1827,1
4481,1824,1
4482,1840,1
4483,1813,1
4484,1722,1
4485,1824,1
4486,1787,1
4487,1775,1
4488,1675,1
4489,1698,1
4490,1668,1
4491,1667,1
4492,1694,1
4493,1680,1
4494,1623,1
4495,1637,1
4496,1655,1
4497,1585,1
4498,1607,1
4499,1610,1
4500,1579,1
4501,1680,1
4502,1649,1
4503,1695,1
4504,1645,1
4505,1652,1
4506,1600,0
4507,1586,0
4508,1554,0
4509,1583,0
4510,1584,0
4511,1584,0
4512,1545,0
4513,1559,0
4514,1523,0
4515,1465,0
4516,1411,0
4517,1459,0
4518,1456,0
4519,1518,0
4520,1502,0
4521,1606,0
4522,1675,0
4523,1699,0
4524,1708,0
4525,1688,0
4526,1764,0
4527,1845,0
4528,1865,0
4529,1794,0
4530,1730,0
4531,1783,0
4532,1804,0
4533,1795,0
4534,1840,0
4535,1827,0
4536,1863,0
4537,1790,0
4538,1787,0
4539,1729,0
4540,1856,0
4541,1941,0
4542,2091,0
4543,1867,0
4544,2019,0
4545,2059,0
4546,2067,0
4547,1936,0
4548,1931,0
4549,2105,0
4550,2249,0
4551,2299,0
4552,2269,0
4553,2175,0
4554,2155,0
4555,1965,0
4556,1904,0
4557,1790,0
4558,1747,0
4559,1712,0
4560,1810,0
4561,1819,0
4562,1783,0
4563,1744,0
4564,1756,0
4565,1664,0
4566,1735,0
4567,1720,0
4568,1747,0
4569,1681,0
4570,1714,0
4571,1707,0
4572,1670,0
4573,1671,0
4574,1789,0
4575,1768,0
4576,1744,0
4577,1699,0
4578,1745,0
4579,1696,0
4580,1647,0
4581,1605,0
4582,1637,0
4583,1665,0
4584,1680,0
4585,1639,0
4586,1657,0
4587,1625,0
4588,1602,0
4589,1555,0
4590,1597,0
4591,1598,0
4592,1571,0
4593,1546,0
4594,1574,0
4595,1575,0
4596,1552,0
4597,1525,0
4598,1535,0
4599,1562,0
4600,1568,0
4601,1714,0
4602,1775,0
4603,1778,0
4604,1800,0
4605,1767,0
4606,1766,0
4607,1731,0
4608,1762,0
4609,1709,0
4610,1735,0
4611,1677,0
4612,1622,0
4613,1584,0
4614,1697,0
4615,1715,0
4616,1677,0
4617,1650,0
4618,1671,0
4619,1675,0
4620,1594,0
4621,1584,0
4622,1605,0
4623,1639,0
4624,1679,0
4625,1695,0
4626,1719,0
4627,1770,0
4628,1696,0
4629,1670,0
4630,1706,0
4631,1712,0
4632,1637,0
4633,1641,0
4634,1682,0
4635,1689,0
4636,1635,0
4637,1618,0
4638,1625,0
4639,1702,0
4640,1630,0
4641,1621,0
4642,1565,0
4643,1629,0
4644,1584,0
4645,1593,0
4646,1575,0
4647,1621,0
4648,1563,0
4649,1587,0
4650,1530,0
4651,1571,0
4652,1521,0
4653,1569,0
4654,1522,0
4655,1580,0
4656,1533,0
4657,1563,0
4658,1520,0
4659,1578,0
4660,1522,0
4661,1557,0
4662,1531,0
4663,1574,0
4664,1526,0
4665,1553,1
4666,1493,1
4667,1601,1
4668,1602,1
4669,1623,1
4670,1565,1
4671,1569,1
4672,1557,1
4673,1597,1
4674,1616,1
4675,1701,1
4676,1728,1
4677,1880,1
4678,1893,1
4679,1911,1
4680,1914,1
4681,1946,1
4682,1921,1
4683,2000,1
4684,2094,1
4685,2098,1
4686,2111,1
4687,2151,1
4688,2153,1
4689,2157,1
4690,2185,1
4691,2213,1
4692,2249,1
4693,2261,1
4694,2285,1
4695,2309,1
4696,2366,1
4697,2389,1
4698,2470,1
4699,2482,1
4700,2578,1
4701,2589,1
4702,2572,1
4703,2544,1
4704,2486,1
4705,2455,1
4706,2419,1
4707,2182,1
4708,2148,1
4709,2108,1
4710,2104,1
4711,2069,1
4712,2044,1
4713,1963,1
4714,1948,1
4715,1887,1
4716,1830,1
4717,1774,1
4718,1730,1
4719,1720,1
4720,1669,1
4721,1650,1
4722,1718,1
4723,1677,1
4724,1710,1
4725,1663,1
4726,1691,1
4727,1639,1
4728,1712,1
4729,1619,1
4730,1649,1
4731,1600,1
4732,1650,1
4733,1601,1
4734,1635,1
4735,1585,1
4736,1605,0
4737,1559,0
4738,1585,0
4739,1546,0
4740,1596,0
4741,1563,0
4742,1610,0
4743,1547,0
4744,1616,0
4745,1588,0
4746,1607,0
4747,1570,0
4748,1621,0
4749,1614,0
4750,1610,0
4751,1535,0
4752,1583,0
4753,1600,0
4754,1597,0
4755,1553,0
4756,1600,0
4757,1612,0
4758,1607,0
4759,1557,0
4760,1605,0
4761,1600,0
4762,1651,0
4763,1600,0
4764,1630,0
4765,1648,0
4766,1657,0
4767,1699,0
4768,1669,0
4769,1733,0
4770,1749,0
4771,1767,0
4772,1730,0
4773,1761,0
4774,1717,0
4775,1771,0
4776,1862,0
4777,2062,0
4778,1942,0
4779,1952,0
4780,2021,0
4781,2090,0
4782,1964,0
4783,2000,0
4784,2110,0
4785,2155,0
4786,2170,0
4787,2288,0
4788,2096,0
4789,2047,0
4790,2169,0
4791,2296,0
4792,2386,0
4793,2262,0
4794,2090,0
4795,2027,0
4796,1915,0
4797,1974,0
4798,1847,0
4799,1837,0
4800,1729,0
4801,1807,0
4802,1766,0
4803,1805,0
4804,1698,0
4805,1735,0
4806,1680,0
4807,1713,0
4808,1719,0
4809,1886,0
4810,1899,0
4811,1886,0
4812,1872,0
4813,1774,0
4814,1749,0
4815,1748,0
4816,1707,0
4817,1741,0
4818,1677,0
4819,1651,0
4820,1598,0
4821,1651,0
4822,1615,0
4823,1613,0
4824,1616,0
4825,1697,0
4826,1650,0
4827,1641,0
4828,1598,0
4829,1664,0
4830,1631,0
4831,1616,0
4832,1584,0
4833,1637,0
4834,1625,0
4835,1594,0
4836,1561,0
4837,1595,0
4838,1595,0
4839,1569,0
4840,1552,0
4841,1575,0
4842,1614,0
4843,1577,0
4844,1588,0
4845,1551,0
4846,1584,0
4847,1551,0
4848,1575,0
4849,1584,0
4850,1631,1
4851,1611,1
4852,1630,1
4853,1670,1
4854,1687,1
4855,1632,1
4856,1697,1
4857,1683,1
4858,1703,1
4859,1616,1
4860,1652,1
4861,1650,1
4862,1731,1
4863,1660,1
4864,1759,1
4865,1767,1
4866,1739,1
4867,1680,1
4868,1702,1
4869,1684,1
4870,1790,1
4871,1718,1
4872,1790,1
4873,1811,1
4874,1877,1
4875,1771,1
4876,1870,1
4877,2067,1
4878,2064,1
4879,2026,1
4880,1954,1
4881,1868,1
4882,2231,1
4883,2461,1
4884,2718,1
4885,2517,1
4886,2553,1
4887,2685,1
4888,2624,1
4889,2387,1
4890,2325,1
4891,2268,1
4892,2155,1
4893,2019,1
4894,2054,1
4895,1926,1
4896,1903,1
4897,1862,1
4898,1792,1
4899,1735,1
4900,1787,1
4901,1759,1
4902,1874,1
4903,1824,1
4904,1773,1
4905,1744,1
4906,1712,1
4907,1755,1
4908,1699,1
4909,1718,1
4910,1767,1
4911,1734,1
4912,1710,1
4913,1693,1
4914,1672,1
4915,1670,1
4916,1655,1
4917,1640,1
4918,1652,1
4919,1687,1
4920,1642,1
4921,1627,0
4922,1633,0
4923,1659,0
4924,1603,0
4925,1618,0
4926,1614,0
4927,1653,0
4928,1596,0
4929,1617,0
4930,1610,0
4931,1643,0
4932,1581,0
4933,1619,0
4934,1616,0
4935,1647,0
4936,1587,0
4937,1606,0
4938,1583,0
4939,1615,0
4940,1525,0
4941,1613,0
4942,1616,0
4943,1661,0
4944,1594,0
4945,1628,0
4946,1621,0
4947,1667,0
4948,1681,0
4949,1799,0
4950,1808,0
4951,1846,0
4952,1850,0
4953,1823,0
4954,1792,0
4955,1860,0
4956,1823,0
4957,1786,0
4958,1769,0
4959,1958,0
4960,1883,0
4961,1982,0
4962,1922,0
4963,1831,0
4964,1751,0
4965,1744,0
4966,1724,0
4967,1840,0
4968,1844,0
4969,1888,0
4970,1776,0
4971,1797,0
4972,1802,0
4973,1848,0
4974,1859,0
4975,1851,0
4976,1838,0
4977,1878,0
4978,1953,0
4979,2032,0
4980,1943,0
4981,1891,0
4982,1840,0
4983,1789,0
4984,1771,0
4985,1785,0
4986,1882,0
4987,1813,0
4988,1954,0
4989,1856,0
4990,1867,0
4991,1856,0
4992,1913,0
4993,1838,0
4994,1849,0
4995,1831,0
4996,1829,0
4997,1789,0
4998,1751,0
4999,1794,0
5000,1861,0
5001,1763,0
5002,1808,0
5003,1774,0
5004,1836,0
5005,1728,0
5006,1786,0
5007,1751,0
5008,1753,0
5009,1668,0
5010,1682,0
5011,1668,0
5012,1728,0
5013,1663,0
5014,1712,0
5015,1691,0
5016,1710,0
5017,1644,0
5018,1677,0
5019,1635,0
5020,1712,0
5021,1630,0
5022,1677,0
5023,1616,0
5024,1664,0
5025,1627,0
5026,1662,0
5027,1616,0
5028,1679,0
5029,1632,0
5030,1666,0
5031,1602,0
5032,1663,0
5033,1613,0
5034,1661,0
5035,1601,0
5036,1663,0
5037,1631,0
5038,1645,0
5039,1606,0
5040,1659,0
5041,1637,0
5042,1652,0
5043,1614,0
5044,1658,0
5045,1635,1
5046,1645,1
5047,1625,1
5048,1674,1
5049,1673,1
5050,1646,1
5051,1628,1
5052,1663,1
5053,1650,1
5054,1739,1
5055,1757,1
5056,1740,1
5057,1758,1
5058,1721,1
5059,1698,1
5060,1725,1
5061,1794,1
5062,1827,1
5063,1793,1
5064,1803,1
5065,1884,1
5066,1811,1
5067,1854,1
5068,1851,1
5069,1854,1
5070,1747,1
5071,1671,1
5072,1679,1
5073,1653,1
5074,1693,1
5075,1893,1
5076,1921,1
5077,2559,1
5078,2896,1
5079,3487,1
5080,3287,1
5081,3228,1
5082,3043,1
5083,2961,1
5084,2878,1
5085,2646,1
5086,2547,1
5087,2672,1
5088,2427,1
5089,2320,1
5090,2256,1
5091,2207,1
5092,2063,1
5093,2086,1
5094,1984,1
5095,1953,1
5096,1830,1
5097,1792,1
5098,1744,1
5099,1813,1
5100,1738,1
5101,1773,1
5102,1770,1
5103,1786,1
5104,1729,1
5105,1772,1
5106,1735,1
5107,1744,1
5108,1681,1
5109,1722,1
5110,1691,1
5111,1695,1
5112,1669,1
5113,1724,1
5114,1729,1
5115,1731,1
5116,1711,0
5117,1754,0
5118,1712,0
5119,1678,0
5120,1634,0
5121,1691,0
5122,1699,0
5123,1673,0
5124,1639,0
5125,1667,0
5126,1678,0
5127,1648,0
5128,1664,0
5129,1666,0
5130,1689,0
5131,1633,0
5132,1616,0
5133,1632,0
5134,1668,0
5135,1616,0
5136,1627,0
5137,1630,0
5138,1678,0
5139,1616,0
5140,1616,0
5141,1616,0
5142,1639,0
5143,1602,0
5144,1675,0
5145,1665,0
5146,1683,0
5147,1643,0
5148,1693,0
5149,1673,0
5150,1706,0
5151,1665,0
5152,1680,0
5153,1638,0
5154,1696,0
5155,1655,0
5156,1719,0
5157,1681,0
5158,1736,0
5159,1664,0
5160,1689,0
5161,1658,0
5162,1728,0
5163,1680,0
5164,1707,0
5165,1658,0
5166,1759,0
5167,1765,0
5168,1804,0
5169,1776,0
5170,1840,0
5171,1815,0
5172,1923,0
5173,1855,0
5174,1859,0
5175,1814,0
5176,1799,0
5177,1814,0
5178,1841,0
5179,1769,0
5180,1855,0
5181,1838,0
5182,1886,0
5183,1821,0
5184,1849,0
5185,1915,0
5186,1906,0
5187,1968,0
5188,1961,0
5189,2087,0
5190,2113,0
5191,2076,0
5192,2227,0
5193,2097,0
5194,2166,0
5195,2189,0
5196,2106,0
5197,2022,0
5198,2023,0
5199,2085,0
5200,1975,0
5201,1667,0
5202,1706,0
5203,1712,0
5204,1677,0
5205,1675,0
5206,1700,0
5207,1744,0
5208,1714,0
5209,1712,0
5210,1666,0
5211,1744,0
5212,1711,0
5213,1718,0
5214,1701,0
5215,1744,0
5216,1664,0
5217,1652,0
5218,1676,0
5219,1767,0
5220,1751,0
5221,1852,0
5222,1855,0
5223,1872,0
5224,1798,0
5225,1870,0
5226,1818,0
5227,1904,0
5228,1920,0
5229,2000,0
5230,1991,0
5231,1864,0
5232,1794,0
5233,1966,0
5234,1915,0
5235,1950,0
5236,1942,0
5237,1858,0
5238,1906,0
5239,2081,0
5240,2142,0
5241,2154,0
5242,2107,0
5243,2138,0
5244,2243,0
5245,2368,0
5246,2215,0
5247,2240,0
5248,2130,0
5249,2096,0
5250,1945,0
5251,1985,0
5252,1909,0
5253,1888,0
5254,1793,0
5255,1879,0
5256,1904,0
5257,1941,0
5258,1879,0
5259,1991,0
5260,1947,0
5261,1974,0
5262,1946,0
5263,2009,0
5264,1920,0
5265,2053,0
5266,1952,0
5267,1977,0
5268,1906,0
5269,1878,0
5270,1927,0
5271,1866,0
5272,1841,0
5273,1798,0
5274,1808,0
5275,1856,0
5276,1863,0
5277,1808,0
5278,1774,0
5279,1806,0
5280,1853,0
5281,1788,0
5282,1801,0
5283,1765,0
5284,1805,0
5285,1725,0
5286,1738,0
5287,1715,0
5288,1714,0
5289,1687,0
5290,1713,0
5291,1709,0
5292,1755,0
5293,1680,0
5294,1726,0
5295,1699,0
5296,1743,0
5297,1675,0
5298,1727,0
5299,1690,0
5300,1740,0
5301,1649,0
5302,1687,0
5303,1659,0
5304,1731,0
5305,1662,0
5306,1776,0
5307,1749,0
5308,1790,0
5309,1707,0
5310,1717,0
5311,1659,1
5312,1741,1
5313,1682,1
5314,1728,1
5315,1718,1
5316,1765,1
5317,1744,1
5318,1802,1
5319,1783,1
5320,1934,1
5321,1905,1
5322,1975,1
5323,1947,1
5324,1973,1
5325,1894,1
5326,1881,1
5327,1935,1
5328,2078,1
5329,2066,1
5330,2039,1
5331,2039,1
5332,2071,1
5333,2135,1
5334,2182,1
5335,2207,1
5336,2087,1
5337,2019,1
5338,2159,1
5339,2304,1
5340,2230,1
5341,2162,1
5342,2326,1
5343,2674,1
5344,2544,1
5345,2597,1
5346,2474,1
5347,2363,1
5348,2214,1
5349,2233,1
5350,2173,1
5351,2108,1
5352,2000,1
5353,2005,1
5354,1883,1
5355,1926,1
5356,1872,1
5357,1885,1
5358,1826,1
5359,1875,1
5360,1850,1
5361,1891,1
5362,1788,1
5363,1801,1
5364,1795,1
5365,1834,1
5366,1777,1
5367,1806,1
5368,1833,1
5369,1839,1
5370,1767,1
5371,1836,1
5372,1794,1
5373,1840,1
5374,1845,1
5375,1922,1
5376,1852,1
5377,1890,1
5378,1806,1
5379,1811,1
5380,1729,1
5381,1776,0
5382,1763,0
5383,1776,0
5384,1711,0
5385,1774,0
5386,1725,0
5387,1746,0
5388,1712,0
5389,1759,0
5390,1727,0
5391,1721,0
5392,1658,0
5393,1742,0
5394,1731,0
5395,1701,0
5396,1663,0
5397,1717,0
5398,1702,0
5399,1697,0
5400,1662,0
5401,1717,0
5402,1751,0
5403,1734,0
5404,1753,0
5405,1778,0
5406,1714,0
5407,1730,0
5408,1746,0
5409,1727,0
5410,1744,0
5411,1728,1
5412,1650,1
5413,1660,1
5414,1709,1
5415,1661,1
5416,1712,1
5417,1743,1
5418,1803,1
5419,1775,1
5420,1746,1
5421,1819,1
5422,1949,1
5423,1968,1
5424,1973,1
5425,1906,1
5426,2107,1
5427,2192,1
5428,2160,1
5429,2039,1
5430,2381,1
5431,2288,1
5432,2384,1
5433,2381,1
5434,2326,1
5435,2327,1
5436,2481,1
5437,2304,1
5438,2355,1
5439,2330,1
5440,2255,1
5441,2192,1
5442,2135,1
5443,2122,1
5444,2314,1
5445,2525,1
5446,2419,1
5447,2797,1
5448,2605,1
5449,2367,1
5450,2321,1
5451,2171,1
5452,2067,1
5453,1907,1
5454,1983,1
5455,1872,1
5456,1891,1
5457,1921,1
5458,1926,1
5459,1907,1
5460,1931,1
5461,1881,1
5462,1935,1
5463,1967,1
5464,1933,1
5465,1891,1
5466,1889,1
5467,1866,1
5468,1847,1
5469,1850,1
5470,1887,1
5471,1904,1
5472,1883,1
5473,1834,1
5474,1841,1
5475,1856,1
5476,1782,1
5477,1772,1
5478,1789,1
5479,1820,1
5480,1745,1
5481,1754,1
5482,1742,0
5483,1789,0
5484,1717,0
5485,1748,0
5486,1754,0
5487,1803,0
5488,1737,0
5489,1765,0
5490,1744,0
5491,1776,0
5492,1706,0
5493,1731,0
5494,1705,0
5495,1731,0
5496,1680,0
5497,1730,0
5498,1694,0
5499,1747,0
5500,1685,0
